anbieter_name,tarif_name,besonderheiten_json,geburtsjahr,summe_eur,beitrag_eur
Ideal,Sterbegeld pur+,"{""lebenslang"":true,""gp"":false,""wartezeit_monate"":36,""doppelte_unfall"":false,""rueckholung"":true,""kindermitvers"":true}",1945,5000,54.85
Ideal,Sterbegeld pur+,"{""lebenslang"":true,""gp"":false,""wartezeit_monate"":36,""doppelte_unfall"":false,""rueckholung"":true,""kindermitvers"":true}",1945,8000,87.76
Ideal,Sterbegeld pur+,"{""lebenslang"":true,""gp"":false,""wartezeit_monate"":36,""doppelte_unfall"":false,""rueckholung"":true,""kindermitvers"":true}",1945,10000,109.70
LV1871,Comfort plus,"{""lebenslang"":true,""gp"":false,""wartezeit_monate"":12,""doppelte_unfall"":true,""rueckholung"":false,""kindermitvers"":false}",1945,5000,73.92
LV1871,Comfort plus,"{""lebenslang"":true,""gp"":false,""wartezeit_monate"":12,""doppelte_unfall"":true,""rueckholung"":false,""kindermitvers"":false}",1945,8000,118.27
LV1871,Comfort plus,"{""lebenslang"":true,""gp"":false,""wartezeit_monate"":12,""doppelte_unfall"":true,""rueckholung"":false,""kindermitvers"":false}",1945,10000,147.84
Allianz,Bestattungsschutzbrief,"{""lebenslang"":true,""gp"":false,""wartezeit_monate"":12,""doppelte_unfall"":true,""rueckholung"":true,""kindermitvers"":false}",1946,5000,106.55
Allianz,Bestattungsschutzbrief,"{""lebenslang"":true,""gp"":false,""wartezeit_monate"":12,""doppelte_unfall"":true,""rueckholung"":true,""kindermitvers"":false}",1946,8000,170.48
Allianz,Bestattungsschutzbrief,"{""lebenslang"":true,""gp"":false,""wartezeit_monate"":12,""doppelte_unfall"":true,""rueckholung"":true,""kindermitvers"":false}",1946,10000,213.10
Ideal,Sterbegeld pur+,"{""lebenslang"":true,""gp"":false,""wartezeit_monate"":36,""doppelte_unfall"":false,""rueckholung"":true,""kindermitvers"":true}",1946,5000,51.97
Ideal,Sterbegeld pur+,"{""lebenslang"":true,""gp"":false,""wartezeit_monate"":36,""doppelte_unfall"":false,""rueckholung"":true,""kindermitvers"":true}",1946,8000,83.15
Ideal,Sterbegeld pur+,"{""lebenslang"":true,""gp"":false,""wartezeit_monate"":36,""doppelte_unfall"":false,""rueckholung"":true,""kindermitvers"":true}",1946,10000,103.94
LV1871,Comfort plus,"{""lebenslang"":true,""gp"":false,""wartezeit_monate"":12,""doppelte_unfall"":true,""rueckholung"":false,""kindermitvers"":false}",1946,5000,68.61
LV1871,Comfort plus,"{""lebenslang"":true,""gp"":false,""wartezeit_monate"":12,""doppelte_unfall"":true,""rueckholung"":false,""kindermitvers"":false}",1946,8000,109.78
LV1871,Comfort plus,"{""lebenslang"":true,""gp"":false,""wartezeit_monate"":12,""doppelte_unfall"":true,""rueckholung"":false,""kindermitvers"":false}",1946,10000,137.22
Allianz,Bestattungsschutzbrief,"{""lebenslang"":true,""gp"":false,""wartezeit_monate"":12,""doppelte_unfall"":true,""rueckholung"":true,""kindermitvers"":false}",1947,5000,91.36
Allianz,Bestattungsschutzbrief,"{""lebenslang"":true,""gp"":false,""wartezeit_monate"":12,""doppelte_unfall"":true,""rueckholung"":true,""kindermitvers"":false}",1947,8000,146.18
Allianz,Bestattungsschutzbrief,"{""lebenslang"":true,""gp"":false,""wartezeit_monate"":12,""doppelte_unfall"":true,""rueckholung"":true,""kindermitvers"":false}",1947,10000,182.72
Ideal,Sterbegeld pur+,"{""lebenslang"":true,""gp"":false,""wartezeit_monate"":36,""doppelte_unfall"":false,""rueckholung"":true,""kindermitvers"":true}",1947,5000,49.77
Ideal,Sterbegeld pur+,"{""lebenslang"":true,""gp"":false,""wartezeit_monate"":36,""doppelte_unfall"":false,""rueckholung"":true,""kindermitvers"":true}",1947,8000,79.63
Ideal,Sterbegeld pur+,"{""lebenslang"":true,""gp"":false,""wartezeit_monate"":36,""doppelte_unfall"":false,""rueckholung"":true,""kindermitvers"":true}",1947,10000,99.54
LV1871,Comfort plus,"{""lebenslang"":true,""gp"":false,""wartezeit_monate"":12,""doppelte_unfall"":true,""rueckholung"":false,""kindermitvers"":false}",1947,5000,64.07
LV1871,Comfort plus,"{""lebenslang"":true,""gp"":false,""wartezeit_monate"":12,""doppelte_unfall"":true,""rueckholung"":false,""kindermitvers"":false}",1947,8000,102.51
LV1871,Comfort plus,"{""lebenslang"":true,""gp"":false,""wartezeit_monate"":12,""doppelte_unfall"":true,""rueckholung"":false,""kindermitvers"":false}",1947,10000,128.14
Allianz,Bestattungsschutzbrief,"{""lebenslang"":true,""gp"":false,""wartezeit_monate"":12,""doppelte_unfall"":true,""rueckholung"":true,""kindermitvers"":false}",1948,5000,80.22
Allianz,Bestattungsschutzbrief,"{""lebenslang"":true,""gp"":false,""wartezeit_monate"":12,""doppelte_unfall"":true,""rueckholung"":true,""kindermitvers"":false}",1948,8000,128.35
Allianz,Bestattungsschutzbrief,"{""lebenslang"":true,""gp"":false,""wartezeit_monate"":12,""doppelte_unfall"":true,""rueckholung"":true,""kindermitvers"":false}",1948,10000,160.44
Ideal,Sterbegeld pur+,"{""lebenslang"":true,""gp"":false,""wartezeit_monate"":36,""doppelte_unfall"":false,""rueckholung"":true,""kindermitvers"":true}",1948,5000,47.65
Ideal,Sterbegeld pur+,"{""lebenslang"":true,""gp"":false,""wartezeit_monate"":36,""doppelte_unfall"":false,""rueckholung"":true,""kindermitvers"":true}",1948,8000,76.24
Ideal,Sterbegeld pur+,"{""lebenslang"":true,""gp"":false,""wartezeit_monate"":36,""doppelte_unfall"":false,""rueckholung"":true,""kindermitvers"":true}",1948,10000,95.30
LV1871,Comfort plus,"{""lebenslang"":true,""gp"":false,""wartezeit_monate"":12,""doppelte_unfall"":true,""rueckholung"":false,""kindermitvers"":false}",1948,5000,59.89
LV1871,Comfort plus,"{""lebenslang"":true,""gp"":false,""wartezeit_monate"":12,""doppelte_unfall"":true,""rueckholung"":false,""kindermitvers"":false}",1948,8000,95.82
LV1871,Comfort plus,"{""lebenslang"":true,""gp"":false,""wartezeit_monate"":12,""doppelte_unfall"":true,""rueckholung"":false,""kindermitvers"":false}",1948,10000,119.78
Allianz,Bestattungsschutzbrief,"{""lebenslang"":true,""gp"":false,""wartezeit_monate"":12,""doppelte_unfall"":true,""rueckholung"":true,""kindermitvers"":false}",1949,5000,71.64
Allianz,Bestattungsschutzbrief,"{""lebenslang"":true,""gp"":false,""wartezeit_monate"":12,""doppelte_unfall"":true,""rueckholung"":true,""kindermitvers"":false}",1949,8000,114.62
Allianz,Bestattungsschutzbrief,"{""lebenslang"":true,""gp"":false,""wartezeit_monate"":12,""doppelte_unfall"":true,""rueckholung"":true,""kindermitvers"":false}",1949,10000,143.28
Ideal,Sterbegeld pur+,"{""lebenslang"":true,""gp"":false,""wartezeit_monate"":36,""doppelte_unfall"":false,""rueckholung"":true,""kindermitvers"":true}",1949,5000,45.85
Ideal,Sterbegeld pur+,"{""lebenslang"":true,""gp"":false,""wartezeit_monate"":36,""doppelte_unfall"":false,""rueckholung"":true,""kindermitvers"":true}",1949,8000,73.36
Ideal,Sterbegeld pur+,"{""lebenslang"":true,""gp"":false,""wartezeit_monate"":36,""doppelte_unfall"":false,""rueckholung"":true,""kindermitvers"":true}",1949,10000,91.70
LV1871,Comfort plus,"{""lebenslang"":true,""gp"":false,""wartezeit_monate"":12,""doppelte_unfall"":true,""rueckholung"":false,""kindermitvers"":false}",1949,5000,56.03
LV1871,Comfort plus,"{""lebenslang"":true,""gp"":false,""wartezeit_monate"":12,""doppelte_unfall"":true,""rueckholung"":false,""kindermitvers"":false}",1949,8000,89.65
LV1871,Comfort plus,"{""lebenslang"":true,""gp"":false,""wartezeit_monate"":12,""doppelte_unfall"":true,""rueckholung"":false,""kindermitvers"":false}",1949,10000,112.06
Allianz,Bestattungsschutzbrief,"{""lebenslang"":true,""gp"":false,""wartezeit_monate"":12,""doppelte_unfall"":true,""rueckholung"":true,""kindermitvers"":false}",1950,5000,64.79
Allianz,Bestattungsschutzbrief,"{""lebenslang"":true,""gp"":false,""wartezeit_monate"":12,""doppelte_unfall"":true,""rueckholung"":true,""kindermitvers"":false}",1950,8000,103.66
Allianz,Bestattungsschutzbrief,"{""lebenslang"":true,""gp"":false,""wartezeit_monate"":12,""doppelte_unfall"":true,""rueckholung"":true,""kindermitvers"":false}",1950,10000,129.58
Ideal,Sterbegeld pur+,"{""lebenslang"":true,""gp"":false,""wartezeit_monate"":36,""doppelte_unfall"":false,""rueckholung"":true,""kindermitvers"":true}",1950,5000,43.51
Ideal,Sterbegeld pur+,"{""lebenslang"":true,""gp"":false,""wartezeit_monate"":36,""doppelte_unfall"":false,""rueckholung"":true,""kindermitvers"":true}",1950,8000,69.62
Ideal,Sterbegeld pur+,"{""lebenslang"":true,""gp"":false,""wartezeit_monate"":36,""doppelte_unfall"":false,""rueckholung"":true,""kindermitvers"":true}",1950,10000,87.02
LV1871,Comfort plus,"{""lebenslang"":true,""gp"":false,""wartezeit_monate"":12,""doppelte_unfall"":true,""rueckholung"":false,""kindermitvers"":false}",1950,5000,52.46
LV1871,Comfort plus,"{""lebenslang"":true,""gp"":false,""wartezeit_monate"":12,""doppelte_unfall"":true,""rueckholung"":false,""kindermitvers"":false}",1950,8000,83.94
LV1871,Comfort plus,"{""lebenslang"":true,""gp"":false,""wartezeit_monate"":12,""doppelte_unfall"":true,""rueckholung"":false,""kindermitvers"":false}",1950,10000,104.92
Allianz,Bestattungsschutzbrief,"{""lebenslang"":true,""gp"":false,""wartezeit_monate"":12,""doppelte_unfall"":true,""rueckholung"":true,""kindermitvers"":false}",1951,5000,44.90
Allianz,Bestattungsschutzbrief,"{""lebenslang"":true,""gp"":false,""wartezeit_monate"":12,""doppelte_unfall"":true,""rueckholung"":true,""kindermitvers"":false}",1951,8000,71.84
Allianz,Bestattungsschutzbrief,"{""lebenslang"":true,""gp"":false,""wartezeit_monate"":12,""doppelte_unfall"":true,""rueckholung"":true,""kindermitvers"":false}",1951,10000,89.80
Ideal,Sterbegeld pur+,"{""lebenslang"":true,""gp"":false,""wartezeit_monate"":36,""doppelte_unfall"":false,""rueckholung"":true,""kindermitvers"":true}",1951,5000,41.58
Ideal,Sterbegeld pur+,"{""lebenslang"":true,""gp"":false,""wartezeit_monate"":36,""doppelte_unfall"":false,""rueckholung"":true,""kindermitvers"":true}",1951,8000,66.53
Ideal,Sterbegeld pur+,"{""lebenslang"":true,""gp"":false,""wartezeit_monate"":36,""doppelte_unfall"":false,""rueckholung"":true,""kindermitvers"":true}",1951,10000,83.16
LV1871,Comfort plus,"{""lebenslang"":true,""gp"":false,""wartezeit_monate"":12,""doppelte_unfall"":true,""rueckholung"":false,""kindermitvers"":false}",1951,5000,49.17
LV1871,Comfort plus,"{""lebenslang"":true,""gp"":false,""wartezeit_monate"":12,""doppelte_unfall"":true,""rueckholung"":false,""kindermitvers"":false}",1951,8000,78.67
LV1871,Comfort plus,"{""lebenslang"":true,""gp"":false,""wartezeit_monate"":12,""doppelte_unfall"":true,""rueckholung"":false,""kindermitvers"":false}",1951,10000,98.34
November,Basic Plus,"{""lebenslang"":false,""gp"":false,""wartezeit_monate"":12,""doppelte_unfall"":true,""rueckholung"":true,""kindermitvers"":false,""zahlung_bis_alter"":85}",1951,5000,58.69
November,Basic Plus,"{""lebenslang"":false,""gp"":false,""wartezeit_monate"":12,""doppelte_unfall"":true,""rueckholung"":true,""kindermitvers"":false,""zahlung_bis_alter"":85}",1951,8000,93.90
November,Basic Plus,"{""lebenslang"":false,""gp"":false,""wartezeit_monate"":12,""doppelte_unfall"":true,""rueckholung"":true,""kindermitvers"":false,""zahlung_bis_alter"":85}",1951,10000,117.38
Allianz,Bestattungsschutzbrief,"{""lebenslang"":true,""gp"":false,""wartezeit_monate"":12,""doppelte_unfall"":true,""rueckholung"":true,""kindermitvers"":false}",1952,5000,42.57
Allianz,Bestattungsschutzbrief,"{""lebenslang"":true,""gp"":false,""wartezeit_monate"":12,""doppelte_unfall"":true,""rueckholung"":true,""kindermitvers"":false}",1952,8000,68.11
Allianz,Bestattungsschutzbrief,"{""lebenslang"":true,""gp"":false,""wartezeit_monate"":12,""doppelte_unfall"":true,""rueckholung"":true,""kindermitvers"":false}",1952,10000,85.14
DELA,sorgenfrei Leben,"{""lebenslang"":true,""gp"":true,""wartezeit_monate"":0,""doppelte_unfall"":true,""rueckholung"":true,""kindermitvers"":true}",1952,5000,45.16
DELA,sorgenfrei Leben,"{""lebenslang"":true,""gp"":true,""wartezeit_monate"":0,""doppelte_unfall"":true,""rueckholung"":true,""kindermitvers"":true}",1952,8000,72.26
DELA,sorgenfrei Leben,"{""lebenslang"":true,""gp"":true,""wartezeit_monate"":0,""doppelte_unfall"":true,""rueckholung"":true,""kindermitvers"":true}",1952,10000,90.32
Ideal,Sterbegeld pur+,"{""lebenslang"":true,""gp"":false,""wartezeit_monate"":36,""doppelte_unfall"":false,""rueckholung"":true,""kindermitvers"":true}",1952,5000,39.69
Ideal,Sterbegeld pur+,"{""lebenslang"":true,""gp"":false,""wartezeit_monate"":36,""doppelte_unfall"":false,""rueckholung"":true,""kindermitvers"":true}",1952,8000,63.50
Ideal,Sterbegeld pur+,"{""lebenslang"":true,""gp"":false,""wartezeit_monate"":36,""doppelte_unfall"":false,""rueckholung"":true,""kindermitvers"":true}",1952,10000,79.38
LV1871,Comfort plus,"{""lebenslang"":true,""gp"":false,""wartezeit_monate"":12,""doppelte_unfall"":true,""rueckholung"":false,""kindermitvers"":false}",1952,5000,46.40
LV1871,Comfort plus,"{""lebenslang"":true,""gp"":false,""wartezeit_monate"":12,""doppelte_unfall"":true,""rueckholung"":false,""kindermitvers"":false}",1952,8000,74.24
LV1871,Comfort plus,"{""lebenslang"":true,""gp"":false,""wartezeit_monate"":12,""doppelte_unfall"":true,""rueckholung"":false,""kindermitvers"":false}",1952,10000,92.80
November,Basic Plus,"{""lebenslang"":false,""gp"":false,""wartezeit_monate"":12,""doppelte_unfall"":true,""rueckholung"":true,""kindermitvers"":false,""zahlung_bis_alter"":85}",1952,5000,52.79
November,Basic Plus,"{""lebenslang"":false,""gp"":false,""wartezeit_monate"":12,""doppelte_unfall"":true,""rueckholung"":true,""kindermitvers"":false,""zahlung_bis_alter"":85}",1952,8000,84.46
November,Basic Plus,"{""lebenslang"":false,""gp"":false,""wartezeit_monate"":12,""doppelte_unfall"":true,""rueckholung"":true,""kindermitvers"":false,""zahlung_bis_alter"":85}",1952,10000,105.58
Allianz,Bestattungsschutzbrief,"{""lebenslang"":true,""gp"":false,""wartezeit_monate"":12,""doppelte_unfall"":true,""rueckholung"":true,""kindermitvers"":false}",1953,5000,40.42
Allianz,Bestattungsschutzbrief,"{""lebenslang"":true,""gp"":false,""wartezeit_monate"":12,""doppelte_unfall"":true,""rueckholung"":true,""kindermitvers"":false}",1953,8000,64.67
Allianz,Bestattungsschutzbrief,"{""lebenslang"":true,""gp"":false,""wartezeit_monate"":12,""doppelte_unfall"":true,""rueckholung"":true,""kindermitvers"":false}",1953,10000,80.84
DELA,sorgenfrei Leben,"{""lebenslang"":true,""gp"":true,""wartezeit_monate"":0,""doppelte_unfall"":true,""rueckholung"":true,""kindermitvers"":true}",1953,5000,42.32
DELA,sorgenfrei Leben,"{""lebenslang"":true,""gp"":true,""wartezeit_monate"":0,""doppelte_unfall"":true,""rueckholung"":true,""kindermitvers"":true}",1953,8000,67.71
DELA,sorgenfrei Leben,"{""lebenslang"":true,""gp"":true,""wartezeit_monate"":0,""doppelte_unfall"":true,""rueckholung"":true,""kindermitvers"":true}",1953,10000,84.64
Ideal,Sterbegeld pur+,"{""lebenslang"":true,""gp"":false,""wartezeit_monate"":36,""doppelte_unfall"":false,""rueckholung"":true,""kindermitvers"":true}",1953,5000,37.89
Ideal,Sterbegeld pur+,"{""lebenslang"":true,""gp"":false,""wartezeit_monate"":36,""doppelte_unfall"":false,""rueckholung"":true,""kindermitvers"":true}",1953,8000,60.62
Ideal,Sterbegeld pur+,"{""lebenslang"":true,""gp"":false,""wartezeit_monate"":36,""doppelte_unfall"":false,""rueckholung"":true,""kindermitvers"":true}",1953,10000,75.78
LV1871,Comfort plus,"{""lebenslang"":true,""gp"":false,""wartezeit_monate"":12,""doppelte_unfall"":true,""rueckholung"":false,""kindermitvers"":false}",1953,5000,43.85
LV1871,Comfort plus,"{""lebenslang"":true,""gp"":false,""wartezeit_monate"":12,""doppelte_unfall"":true,""rueckholung"":false,""kindermitvers"":false}",1953,8000,70.16
LV1871,Comfort plus,"{""lebenslang"":true,""gp"":false,""wartezeit_monate"":12,""doppelte_unfall"":true,""rueckholung"":false,""kindermitvers"":false}",1953,10000,87.70
November,Basic Plus,"{""lebenslang"":false,""gp"":false,""wartezeit_monate"":12,""doppelte_unfall"":true,""rueckholung"":true,""kindermitvers"":false,""zahlung_bis_alter"":85}",1953,5000,48.32
November,Basic Plus,"{""lebenslang"":false,""gp"":false,""wartezeit_monate"":12,""doppelte_unfall"":true,""rueckholung"":true,""kindermitvers"":false,""zahlung_bis_alter"":85}",1953,8000,77.31
November,Basic Plus,"{""lebenslang"":false,""gp"":false,""wartezeit_monate"":12,""doppelte_unfall"":true,""rueckholung"":true,""kindermitvers"":false,""zahlung_bis_alter"":85}",1953,10000,96.64
Allianz,Bestattungsschutzbrief,"{""lebenslang"":true,""gp"":false,""wartezeit_monate"":12,""doppelte_unfall"":true,""rueckholung"":true,""kindermitvers"":false}",1954,5000,38.44
Allianz,Bestattungsschutzbrief,"{""lebenslang"":true,""gp"":false,""wartezeit_monate"":12,""doppelte_unfall"":true,""rueckholung"":true,""kindermitvers"":false}",1954,8000,61.50
Allianz,Bestattungsschutzbrief,"{""lebenslang"":true,""gp"":false,""wartezeit_monate"":12,""doppelte_unfall"":true,""rueckholung"":true,""kindermitvers"":false}",1954,10000,76.88
DELA,sorgenfrei Leben,"{""lebenslang"":true,""gp"":true,""wartezeit_monate"":0,""doppelte_unfall"":true,""rueckholung"":true,""kindermitvers"":true}",1954,5000,39.74
DELA,sorgenfrei Leben,"{""lebenslang"":true,""gp"":true,""wartezeit_monate"":0,""doppelte_unfall"":true,""rueckholung"":true,""kindermitvers"":true}",1954,8000,63.58
DELA,sorgenfrei Leben,"{""lebenslang"":true,""gp"":true,""wartezeit_monate"":0,""doppelte_unfall"":true,""rueckholung"":true,""kindermitvers"":true}",1954,10000,79.48
Ideal,Sterbegeld pur+,"{""lebenslang"":true,""gp"":false,""wartezeit_monate"":36,""doppelte_unfall"":false,""rueckholung"":true,""kindermitvers"":true}",1954,5000,36.18
Ideal,Sterbegeld pur+,"{""lebenslang"":true,""gp"":false,""wartezeit_monate"":36,""doppelte_unfall"":false,""rueckholung"":true,""kindermitvers"":true}",1954,8000,57.89
Ideal,Sterbegeld pur+,"{""lebenslang"":true,""gp"":false,""wartezeit_monate"":36,""doppelte_unfall"":false,""rueckholung"":true,""kindermitvers"":true}",1954,10000,72.36
LV1871,Comfort plus,"{""lebenslang"":true,""gp"":false,""wartezeit_monate"":12,""doppelte_unfall"":true,""rueckholung"":false,""kindermitvers"":false}",1954,5000,41.50
LV1871,Comfort plus,"{""lebenslang"":true,""gp"":false,""wartezeit_monate"":12,""doppelte_unfall"":true,""rueckholung"":false,""kindermitvers"":false}",1954,8000,66.40
LV1871,Comfort plus,"{""lebenslang"":true,""gp"":false,""wartezeit_monate"":12,""doppelte_unfall"":true,""rueckholung"":false,""kindermitvers"":false}",1954,10000,83.00
November,Basic Plus,"{""lebenslang"":false,""gp"":false,""wartezeit_monate"":12,""doppelte_unfall"":true,""rueckholung"":true,""kindermitvers"":false,""zahlung_bis_alter"":85}",1954,5000,44.70
November,Basic Plus,"{""lebenslang"":false,""gp"":false,""wartezeit_monate"":12,""doppelte_unfall"":true,""rueckholung"":true,""kindermitvers"":false,""zahlung_bis_alter"":85}",1954,8000,71.52
November,Basic Plus,"{""lebenslang"":false,""gp"":false,""wartezeit_monate"":12,""doppelte_unfall"":true,""rueckholung"":true,""kindermitvers"":false,""zahlung_bis_alter"":85}",1954,10000,89.40
Allianz,Bestattungsschutzbrief,"{""lebenslang"":true,""gp"":false,""wartezeit_monate"":12,""doppelte_unfall"":true,""rueckholung"":true,""kindermitvers"":false}",1955,5000,36.59
Allianz,Bestattungsschutzbrief,"{""lebenslang"":true,""gp"":false,""wartezeit_monate"":12,""doppelte_unfall"":true,""rueckholung"":true,""kindermitvers"":false}",1955,8000,58.54
Allianz,Bestattungsschutzbrief,"{""lebenslang"":true,""gp"":false,""wartezeit_monate"":12,""doppelte_unfall"":true,""rueckholung"":true,""kindermitvers"":false}",1955,10000,73.18
DELA,sorgenfrei Leben,"{""lebenslang"":true,""gp"":true,""wartezeit_monate"":0,""doppelte_unfall"":true,""rueckholung"":true,""kindermitvers"":true}",1955,5000,37.36
DELA,sorgenfrei Leben,"{""lebenslang"":true,""gp"":true,""wartezeit_monate"":0,""doppelte_unfall"":true,""rueckholung"":true,""kindermitvers"":true}",1955,8000,59.78
DELA,sorgenfrei Leben,"{""lebenslang"":true,""gp"":true,""wartezeit_monate"":0,""doppelte_unfall"":true,""rueckholung"":true,""kindermitvers"":true}",1955,10000,74.72
Ideal,Sterbegeld pur+,"{""lebenslang"":true,""gp"":false,""wartezeit_monate"":36,""doppelte_unfall"":false,""rueckholung"":true,""kindermitvers"":true}",1955,5000,34.56
Ideal,Sterbegeld pur+,"{""lebenslang"":true,""gp"":false,""wartezeit_monate"":36,""doppelte_unfall"":false,""rueckholung"":true,""kindermitvers"":true}",1955,8000,55.30
Ideal,Sterbegeld pur+,"{""lebenslang"":true,""gp"":false,""wartezeit_monate"":36,""doppelte_unfall"":false,""rueckholung"":true,""kindermitvers"":true}",1955,10000,69.12
LV1871,Comfort plus,"{""lebenslang"":true,""gp"":false,""wartezeit_monate"":12,""doppelte_unfall"":true,""rueckholung"":false,""kindermitvers"":false}",1955,5000,39.38
LV1871,Comfort plus,"{""lebenslang"":true,""gp"":false,""wartezeit_monate"":12,""doppelte_unfall"":true,""rueckholung"":false,""kindermitvers"":false}",1955,8000,63.01
LV1871,Comfort plus,"{""lebenslang"":true,""gp"":false,""wartezeit_monate"":12,""doppelte_unfall"":true,""rueckholung"":false,""kindermitvers"":false}",1955,10000,78.76
November,Basic Plus,"{""lebenslang"":false,""gp"":false,""wartezeit_monate"":12,""doppelte_unfall"":true,""rueckholung"":true,""kindermitvers"":false,""zahlung_bis_alter"":85}",1955,5000,41.82
November,Basic Plus,"{""lebenslang"":false,""gp"":false,""wartezeit_monate"":12,""doppelte_unfall"":true,""rueckholung"":true,""kindermitvers"":false,""zahlung_bis_alter"":85}",1955,8000,66.91
November,Basic Plus,"{""lebenslang"":false,""gp"":false,""wartezeit_monate"":12,""doppelte_unfall"":true,""rueckholung"":true,""kindermitvers"":false,""zahlung_bis_alter"":85}",1955,10000,83.64
Allianz,Bestattungsschutzbrief,"{""lebenslang"":true,""gp"":false,""wartezeit_monate"":12,""doppelte_unfall"":true,""rueckholung"":true,""kindermitvers"":false}",1956,5000,34.89
Allianz,Bestattungsschutzbrief,"{""lebenslang"":true,""gp"":false,""wartezeit_monate"":12,""doppelte_unfall"":true,""rueckholung"":true,""kindermitvers"":false}",1956,8000,55.82
Allianz,Bestattungsschutzbrief,"{""lebenslang"":true,""gp"":false,""wartezeit_monate"":12,""doppelte_unfall"":true,""rueckholung"":true,""kindermitvers"":false}",1956,10000,69.78
DELA,sorgenfrei Leben,"{""lebenslang"":true,""gp"":true,""wartezeit_monate"":0,""doppelte_unfall"":true,""rueckholung"":true,""kindermitvers"":true}",1956,5000,35.17
DELA,sorgenfrei Leben,"{""lebenslang"":true,""gp"":true,""wartezeit_monate"":0,""doppelte_unfall"":true,""rueckholung"":true,""kindermitvers"":true}",1956,8000,56.27
DELA,sorgenfrei Leben,"{""lebenslang"":true,""gp"":true,""wartezeit_monate"":0,""doppelte_unfall"":true,""rueckholung"":true,""kindermitvers"":true}",1956,10000,70.34
Ideal,Sterbegeld pur+,"{""lebenslang"":true,""gp"":false,""wartezeit_monate"":36,""doppelte_unfall"":false,""rueckholung"":true,""kindermitvers"":true}",1956,5000,33.07
Ideal,Sterbegeld pur+,"{""lebenslang"":true,""gp"":false,""wartezeit_monate"":36,""doppelte_unfall"":false,""rueckholung"":true,""kindermitvers"":true}",1956,8000,52.91
Ideal,Sterbegeld pur+,"{""lebenslang"":true,""gp"":false,""wartezeit_monate"":36,""doppelte_unfall"":false,""rueckholung"":true,""kindermitvers"":true}",1956,10000,66.14
LV1871,Comfort plus,"{""lebenslang"":true,""gp"":false,""wartezeit_monate"":12,""doppelte_unfall"":true,""rueckholung"":false,""kindermitvers"":false}",1956,5000,37.46
LV1871,Comfort plus,"{""lebenslang"":true,""gp"":false,""wartezeit_monate"":12,""doppelte_unfall"":true,""rueckholung"":false,""kindermitvers"":false}",1956,8000,59.94
LV1871,Comfort plus,"{""lebenslang"":true,""gp"":false,""wartezeit_monate"":12,""doppelte_unfall"":true,""rueckholung"":false,""kindermitvers"":false}",1956,10000,74.92
November,Basic Plus,"{""lebenslang"":false,""gp"":false,""wartezeit_monate"":12,""doppelte_unfall"":true,""rueckholung"":true,""kindermitvers"":false,""zahlung_bis_alter"":85}",1956,5000,39.91
November,Basic Plus,"{""lebenslang"":false,""gp"":false,""wartezeit_monate"":12,""doppelte_unfall"":true,""rueckholung"":true,""kindermitvers"":false,""zahlung_bis_alter"":85}",1956,8000,63.86
November,Basic Plus,"{""lebenslang"":false,""gp"":false,""wartezeit_monate"":12,""doppelte_unfall"":true,""rueckholung"":true,""kindermitvers"":false,""zahlung_bis_alter"":85}",1956,10000,79.82
Allianz,Bestattungsschutzbrief,"{""lebenslang"":true,""gp"":false,""wartezeit_monate"":12,""doppelte_unfall"":true,""rueckholung"":true,""kindermitvers"":false}",1957,5000,33.30
Allianz,Bestattungsschutzbrief,"{""lebenslang"":true,""gp"":false,""wartezeit_monate"":12,""doppelte_unfall"":true,""rueckholung"":true,""kindermitvers"":false}",1957,8000,53.28
Allianz,Bestattungsschutzbrief,"{""lebenslang"":true,""gp"":false,""wartezeit_monate"":12,""doppelte_unfall"":true,""rueckholung"":true,""kindermitvers"":false}",1957,10000,66.60
DELA,sorgenfrei Leben,"{""lebenslang"":true,""gp"":true,""wartezeit_monate"":0,""doppelte_unfall"":true,""rueckholung"":true,""kindermitvers"":true}",1957,5000,33.15
DELA,sorgenfrei Leben,"{""lebenslang"":true,""gp"":true,""wartezeit_monate"":0,""doppelte_unfall"":true,""rueckholung"":true,""kindermitvers"":true}",1957,8000,53.04
DELA,sorgenfrei Leben,"{""lebenslang"":true,""gp"":true,""wartezeit_monate"":0,""doppelte_unfall"":true,""rueckholung"":true,""kindermitvers"":true}",1957,10000,66.30
Ideal,Sterbegeld pur+,"{""lebenslang"":true,""gp"":false,""wartezeit_monate"":36,""doppelte_unfall"":false,""rueckholung"":true,""kindermitvers"":true}",1957,5000,31.63
Ideal,Sterbegeld pur+,"{""lebenslang"":true,""gp"":false,""wartezeit_monate"":36,""doppelte_unfall"":false,""rueckholung"":true,""kindermitvers"":true}",1957,8000,50.61
Ideal,Sterbegeld pur+,"{""lebenslang"":true,""gp"":false,""wartezeit_monate"":36,""doppelte_unfall"":false,""rueckholung"":true,""kindermitvers"":true}",1957,10000,63.26
LV1871,Comfort plus,"{""lebenslang"":true,""gp"":false,""wartezeit_monate"":12,""doppelte_unfall"":true,""rueckholung"":false,""kindermitvers"":false}",1957,5000,35.68
LV1871,Comfort plus,"{""lebenslang"":true,""gp"":false,""wartezeit_monate"":12,""doppelte_unfall"":true,""rueckholung"":false,""kindermitvers"":false}",1957,8000,57.09
LV1871,Comfort plus,"{""lebenslang"":true,""gp"":false,""wartezeit_monate"":12,""doppelte_unfall"":true,""rueckholung"":false,""kindermitvers"":false}",1957,10000,71.36
November,Basic Plus,"{""lebenslang"":false,""gp"":false,""wartezeit_monate"":12,""doppelte_unfall"":true,""rueckholung"":true,""kindermitvers"":false,""zahlung_bis_alter"":85}",1957,5000,36.24
November,Basic Plus,"{""lebenslang"":false,""gp"":false,""wartezeit_monate"":12,""doppelte_unfall"":true,""rueckholung"":true,""kindermitvers"":false,""zahlung_bis_alter"":85}",1957,8000,57.98
November,Basic Plus,"{""lebenslang"":false,""gp"":false,""wartezeit_monate"":12,""doppelte_unfall"":true,""rueckholung"":true,""kindermitvers"":false,""zahlung_bis_alter"":85}",1957,10000,72.48
Allianz,Bestattungsschutzbrief,"{""lebenslang"":true,""gp"":false,""wartezeit_monate"":12,""doppelte_unfall"":true,""rueckholung"":true,""kindermitvers"":false}",1958,5000,31.82
Allianz,Bestattungsschutzbrief,"{""lebenslang"":true,""gp"":false,""wartezeit_monate"":12,""doppelte_unfall"":true,""rueckholung"":true,""kindermitvers"":false}",1958,8000,50.91
Allianz,Bestattungsschutzbrief,"{""lebenslang"":true,""gp"":false,""wartezeit_monate"":12,""doppelte_unfall"":true,""rueckholung"":true,""kindermitvers"":false}",1958,10000,63.64
DELA,sorgenfrei Leben,"{""lebenslang"":true,""gp"":true,""wartezeit_monate"":0,""doppelte_unfall"":true,""rueckholung"":true,""kindermitvers"":true}",1958,5000,31.28
DELA,sorgenfrei Leben,"{""lebenslang"":true,""gp"":true,""wartezeit_monate"":0,""doppelte_unfall"":true,""rueckholung"":true,""kindermitvers"":true}",1958,8000,50.05
DELA,sorgenfrei Leben,"{""lebenslang"":true,""gp"":true,""wartezeit_monate"":0,""doppelte_unfall"":true,""rueckholung"":true,""kindermitvers"":true}",1958,10000,62.56
Ideal,Sterbegeld pur+,"{""lebenslang"":true,""gp"":false,""wartezeit_monate"":36,""doppelte_unfall"":false,""rueckholung"":true,""kindermitvers"":true}",1958,5000,30.28
Ideal,Sterbegeld pur+,"{""lebenslang"":true,""gp"":false,""wartezeit_monate"":36,""doppelte_unfall"":false,""rueckholung"":true,""kindermitvers"":true}",1958,8000,48.45
Ideal,Sterbegeld pur+,"{""lebenslang"":true,""gp"":false,""wartezeit_monate"":36,""doppelte_unfall"":false,""rueckholung"":true,""kindermitvers"":true}",1958,10000,60.56
LV1871,Comfort plus,"{""lebenslang"":true,""gp"":false,""wartezeit_monate"":12,""doppelte_unfall"":true,""rueckholung"":false,""kindermitvers"":false}",1958,5000,34.02
LV1871,Comfort plus,"{""lebenslang"":true,""gp"":false,""wartezeit_monate"":12,""doppelte_unfall"":true,""rueckholung"":false,""kindermitvers"":false}",1958,8000,54.43
LV1871,Comfort plus,"{""lebenslang"":true,""gp"":false,""wartezeit_monate"":12,""doppelte_unfall"":true,""rueckholung"":false,""kindermitvers"":false}",1958,10000,68.04
November,Basic Plus,"{""lebenslang"":false,""gp"":false,""wartezeit_monate"":12,""doppelte_unfall"":true,""rueckholung"":true,""kindermitvers"":false,""zahlung_bis_alter"":85}",1958,5000,33.57
November,Basic Plus,"{""lebenslang"":false,""gp"":false,""wartezeit_monate"":12,""doppelte_unfall"":true,""rueckholung"":true,""kindermitvers"":false,""zahlung_bis_alter"":85}",1958,8000,53.71
November,Basic Plus,"{""lebenslang"":false,""gp"":false,""wartezeit_monate"":12,""doppelte_unfall"":true,""rueckholung"":true,""kindermitvers"":false,""zahlung_bis_alter"":85}",1958,10000,67.14
Allianz,Bestattungsschutzbrief,"{""lebenslang"":true,""gp"":false,""wartezeit_monate"":12,""doppelte_unfall"":true,""rueckholung"":true,""kindermitvers"":false}",1959,5000,30.45
Allianz,Bestattungsschutzbrief,"{""lebenslang"":true,""gp"":false,""wartezeit_monate"":12,""doppelte_unfall"":true,""rueckholung"":true,""kindermitvers"":false}",1959,8000,48.72
Allianz,Bestattungsschutzbrief,"{""lebenslang"":true,""gp"":false,""wartezeit_monate"":12,""doppelte_unfall"":true,""rueckholung"":true,""kindermitvers"":false}",1959,10000,60.90
DELA,sorgenfrei Leben,"{""lebenslang"":true,""gp"":true,""wartezeit_monate"":0,""doppelte_unfall"":true,""rueckholung"":true,""kindermitvers"":true}",1959,5000,29.55
DELA,sorgenfrei Leben,"{""lebenslang"":true,""gp"":true,""wartezeit_monate"":0,""doppelte_unfall"":true,""rueckholung"":true,""kindermitvers"":true}",1959,8000,47.28
DELA,sorgenfrei Leben,"{""lebenslang"":true,""gp"":true,""wartezeit_monate"":0,""doppelte_unfall"":true,""rueckholung"":true,""kindermitvers"":true}",1959,10000,59.10
Ideal,Sterbegeld pur+,"{""lebenslang"":true,""gp"":false,""wartezeit_monate"":36,""doppelte_unfall"":false,""rueckholung"":true,""kindermitvers"":true}",1959,5000,29.02
Ideal,Sterbegeld pur+,"{""lebenslang"":true,""gp"":false,""wartezeit_monate"":36,""doppelte_unfall"":false,""rueckholung"":true,""kindermitvers"":true}",1959,8000,46.43
Ideal,Sterbegeld pur+,"{""lebenslang"":true,""gp"":false,""wartezeit_monate"":36,""doppelte_unfall"":false,""rueckholung"":true,""kindermitvers"":true}",1959,10000,58.04
LV1871,Comfort plus,"{""lebenslang"":true,""gp"":false,""wartezeit_monate"":12,""doppelte_unfall"":true,""rueckholung"":false,""kindermitvers"":false}",1959,5000,32.46
LV1871,Comfort plus,"{""lebenslang"":true,""gp"":false,""wartezeit_monate"":12,""doppelte_unfall"":true,""rueckholung"":false,""kindermitvers"":false}",1959,8000,51.94
LV1871,Comfort plus,"{""lebenslang"":true,""gp"":false,""wartezeit_monate"":12,""doppelte_unfall"":true,""rueckholung"":false,""kindermitvers"":false}",1959,10000,64.92
November,Basic Plus,"{""lebenslang"":false,""gp"":false,""wartezeit_monate"":12,""doppelte_unfall"":true,""rueckholung"":true,""kindermitvers"":false,""zahlung_bis_alter"":85}",1959,5000,31.44
November,Basic Plus,"{""lebenslang"":false,""gp"":false,""wartezeit_monate"":12,""doppelte_unfall"":true,""rueckholung"":true,""kindermitvers"":false,""zahlung_bis_alter"":85}",1959,8000,50.30
November,Basic Plus,"{""lebenslang"":false,""gp"":false,""wartezeit_monate"":12,""doppelte_unfall"":true,""rueckholung"":true,""kindermitvers"":false,""zahlung_bis_alter"":85}",1959,10000,62.88
Allianz,Bestattungsschutzbrief,"{""lebenslang"":true,""gp"":false,""wartezeit_monate"":12,""doppelte_unfall"":true,""rueckholung"":true,""kindermitvers"":false}",1960,5000,29.16
Allianz,Bestattungsschutzbrief,"{""lebenslang"":true,""gp"":false,""wartezeit_monate"":12,""doppelte_unfall"":true,""rueckholung"":true,""kindermitvers"":false}",1960,8000,46.66
Allianz,Bestattungsschutzbrief,"{""lebenslang"":true,""gp"":false,""wartezeit_monate"":12,""doppelte_unfall"":true,""rueckholung"":true,""kindermitvers"":false}",1960,10000,58.32
DELA,sorgenfrei Leben,"{""lebenslang"":true,""gp"":true,""wartezeit_monate"":0,""doppelte_unfall"":true,""rueckholung"":true,""kindermitvers"":true}",1960,5000,27.94
DELA,sorgenfrei Leben,"{""lebenslang"":true,""gp"":true,""wartezeit_monate"":0,""doppelte_unfall"":true,""rueckholung"":true,""kindermitvers"":true}",1960,8000,44.70
DELA,sorgenfrei Leben,"{""lebenslang"":true,""gp"":true,""wartezeit_monate"":0,""doppelte_unfall"":true,""rueckholung"":true,""kindermitvers"":true}",1960,10000,55.88
Ideal,Sterbegeld pur+,"{""lebenslang"":true,""gp"":false,""wartezeit_monate"":36,""doppelte_unfall"":false,""rueckholung"":true,""kindermitvers"":true}",1960,5000,27.81
Ideal,Sterbegeld pur+,"{""lebenslang"":true,""gp"":false,""wartezeit_monate"":36,""doppelte_unfall"":false,""rueckholung"":true,""kindermitvers"":true}",1960,8000,44.50
Ideal,Sterbegeld pur+,"{""lebenslang"":true,""gp"":false,""wartezeit_monate"":36,""doppelte_unfall"":false,""rueckholung"":true,""kindermitvers"":true}",1960,10000,55.62
LV1871,Comfort plus,"{""lebenslang"":true,""gp"":false,""wartezeit_monate"":12,""doppelte_unfall"":true,""rueckholung"":false,""kindermitvers"":false}",1960,5000,31.01
LV1871,Comfort plus,"{""lebenslang"":true,""gp"":false,""wartezeit_monate"":12,""doppelte_unfall"":true,""rueckholung"":false,""kindermitvers"":false}",1960,8000,49.62
LV1871,Comfort plus,"{""lebenslang"":true,""gp"":false,""wartezeit_monate"":12,""doppelte_unfall"":true,""rueckholung"":false,""kindermitvers"":false}",1960,10000,62.02
November,Basic Plus,"{""lebenslang"":false,""gp"":false,""wartezeit_monate"":12,""doppelte_unfall"":true,""rueckholung"":true,""kindermitvers"":false,""zahlung_bis_alter"":85}",1960,5000,29.77
November,Basic Plus,"{""lebenslang"":false,""gp"":false,""wartezeit_monate"":12,""doppelte_unfall"":true,""rueckholung"":true,""kindermitvers"":false,""zahlung_bis_alter"":85}",1960,8000,47.63
November,Basic Plus,"{""lebenslang"":false,""gp"":false,""wartezeit_monate"":12,""doppelte_unfall"":true,""rueckholung"":true,""kindermitvers"":false,""zahlung_bis_alter"":85}",1960,10000,59.54
Allianz,Bestattungsschutzbrief,"{""lebenslang"":true,""gp"":false,""wartezeit_monate"":12,""doppelte_unfall"":true,""rueckholung"":true,""kindermitvers"":false}",1961,5000,27.95
Allianz,Bestattungsschutzbrief,"{""lebenslang"":true,""gp"":false,""wartezeit_monate"":12,""doppelte_unfall"":true,""rueckholung"":true,""kindermitvers"":false}",1961,8000,44.72
Allianz,Bestattungsschutzbrief,"{""lebenslang"":true,""gp"":false,""wartezeit_monate"":12,""doppelte_unfall"":true,""rueckholung"":true,""kindermitvers"":false}",1961,10000,55.90
DELA,sorgenfrei Leben,"{""lebenslang"":true,""gp"":true,""wartezeit_monate"":0,""doppelte_unfall"":true,""rueckholung"":true,""kindermitvers"":true}",1961,5000,26.45
DELA,sorgenfrei Leben,"{""lebenslang"":true,""gp"":true,""wartezeit_monate"":0,""doppelte_unfall"":true,""rueckholung"":true,""kindermitvers"":true}",1961,8000,42.32
DELA,sorgenfrei Leben,"{""lebenslang"":true,""gp"":true,""wartezeit_monate"":0,""doppelte_unfall"":true,""rueckholung"":true,""kindermitvers"":true}",1961,10000,52.90
Ideal,Sterbegeld pur+,"{""lebenslang"":true,""gp"":false,""wartezeit_monate"":36,""doppelte_unfall"":false,""rueckholung"":true,""kindermitvers"":true}",1961,5000,26.68
Ideal,Sterbegeld pur+,"{""lebenslang"":true,""gp"":false,""wartezeit_monate"":36,""doppelte_unfall"":false,""rueckholung"":true,""kindermitvers"":true}",1961,8000,42.69
Ideal,Sterbegeld pur+,"{""lebenslang"":true,""gp"":false,""wartezeit_monate"":36,""doppelte_unfall"":false,""rueckholung"":true,""kindermitvers"":true}",1961,10000,53.36
LV1871,Comfort plus,"{""lebenslang"":true,""gp"":false,""wartezeit_monate"":12,""doppelte_unfall"":true,""rueckholung"":false,""kindermitvers"":false}",1961,5000,29.67
LV1871,Comfort plus,"{""lebenslang"":true,""gp"":false,""wartezeit_monate"":12,""doppelte_unfall"":true,""rueckholung"":false,""kindermitvers"":false}",1961,8000,47.47
LV1871,Comfort plus,"{""lebenslang"":true,""gp"":false,""wartezeit_monate"":12,""doppelte_unfall"":true,""rueckholung"":false,""kindermitvers"":false}",1961,10000,59.34
November,Basic Plus,"{""lebenslang"":false,""gp"":false,""wartezeit_monate"":12,""doppelte_unfall"":true,""rueckholung"":true,""kindermitvers"":false,""zahlung_bis_alter"":85}",1961,5000,28.75
November,Basic Plus,"{""lebenslang"":false,""gp"":false,""wartezeit_monate"":12,""doppelte_unfall"":true,""rueckholung"":true,""kindermitvers"":false,""zahlung_bis_alter"":85}",1961,8000,46.00
November,Basic Plus,"{""lebenslang"":false,""gp"":false,""wartezeit_monate"":12,""doppelte_unfall"":true,""rueckholung"":true,""kindermitvers"":false,""zahlung_bis_alter"":85}",1961,10000,57.50
Allianz,Bestattungsschutzbrief,"{""lebenslang"":true,""gp"":false,""wartezeit_monate"":12,""doppelte_unfall"":true,""rueckholung"":true,""kindermitvers"":false}",1962,5000,26.82
Allianz,Bestattungsschutzbrief,"{""lebenslang"":true,""gp"":false,""wartezeit_monate"":12,""doppelte_unfall"":true,""rueckholung"":true,""kindermitvers"":false}",1962,8000,42.91
Allianz,Bestattungsschutzbrief,"{""lebenslang"":true,""gp"":false,""wartezeit_monate"":12,""doppelte_unfall"":true,""rueckholung"":true,""kindermitvers"":false}",1962,10000,53.64
DELA,sorgenfrei Leben,"{""lebenslang"":true,""gp"":true,""wartezeit_monate"":0,""doppelte_unfall"":true,""rueckholung"":true,""kindermitvers"":true}",1962,5000,25.08
DELA,sorgenfrei Leben,"{""lebenslang"":true,""gp"":true,""wartezeit_monate"":0,""doppelte_unfall"":true,""rueckholung"":true,""kindermitvers"":true}",1962,8000,40.13
DELA,sorgenfrei Leben,"{""lebenslang"":true,""gp"":true,""wartezeit_monate"":0,""doppelte_unfall"":true,""rueckholung"":true,""kindermitvers"":true}",1962,10000,50.16
Ideal,Sterbegeld pur+,"{""lebenslang"":true,""gp"":false,""wartezeit_monate"":36,""doppelte_unfall"":false,""rueckholung"":true,""kindermitvers"":true}",1962,5000,25.60
Ideal,Sterbegeld pur+,"{""lebenslang"":true,""gp"":false,""wartezeit_monate"":36,""doppelte_unfall"":false,""rueckholung"":true,""kindermitvers"":true}",1962,8000,40.96
Ideal,Sterbegeld pur+,"{""lebenslang"":true,""gp"":false,""wartezeit_monate"":36,""doppelte_unfall"":false,""rueckholung"":true,""kindermitvers"":true}",1962,10000,51.20
LV1871,Comfort plus,"{""lebenslang"":true,""gp"":false,""wartezeit_monate"":12,""doppelte_unfall"":true,""rueckholung"":false,""kindermitvers"":false}",1962,5000,28.41
LV1871,Comfort plus,"{""lebenslang"":true,""gp"":false,""wartezeit_monate"":12,""doppelte_unfall"":true,""rueckholung"":false,""kindermitvers"":false}",1962,8000,45.46
LV1871,Comfort plus,"{""lebenslang"":true,""gp"":false,""wartezeit_monate"":12,""doppelte_unfall"":true,""rueckholung"":false,""kindermitvers"":false}",1962,10000,56.82
November,Basic Plus,"{""lebenslang"":false,""gp"":false,""wartezeit_monate"":12,""doppelte_unfall"":true,""rueckholung"":true,""kindermitvers"":false,""zahlung_bis_alter"":85}",1962,5000,26.38
November,Basic Plus,"{""lebenslang"":false,""gp"":false,""wartezeit_monate"":12,""doppelte_unfall"":true,""rueckholung"":true,""kindermitvers"":false,""zahlung_bis_alter"":85}",1962,8000,42.21
November,Basic Plus,"{""lebenslang"":false,""gp"":false,""wartezeit_monate"":12,""doppelte_unfall"":true,""rueckholung"":true,""kindermitvers"":false,""zahlung_bis_alter"":85}",1962,10000,52.76
Allianz,Bestattungsschutzbrief,"{""lebenslang"":true,""gp"":false,""wartezeit_monate"":12,""doppelte_unfall"":true,""rueckholung"":true,""kindermitvers"":false}",1963,5000,25.75
Allianz,Bestattungsschutzbrief,"{""lebenslang"":true,""gp"":false,""wartezeit_monate"":12,""doppelte_unfall"":true,""rueckholung"":true,""kindermitvers"":false}",1963,8000,41.20
Allianz,Bestattungsschutzbrief,"{""lebenslang"":true,""gp"":false,""wartezeit_monate"":12,""doppelte_unfall"":true,""rueckholung"":true,""kindermitvers"":false}",1963,10000,51.50
DELA,sorgenfrei Leben,"{""lebenslang"":true,""gp"":true,""wartezeit_monate"":0,""doppelte_unfall"":true,""rueckholung"":true,""kindermitvers"":true}",1963,5000,23.80
DELA,sorgenfrei Leben,"{""lebenslang"":true,""gp"":true,""wartezeit_monate"":0,""doppelte_unfall"":true,""rueckholung"":true,""kindermitvers"":true}",1963,8000,38.08
DELA,sorgenfrei Leben,"{""lebenslang"":true,""gp"":true,""wartezeit_monate"":0,""doppelte_unfall"":true,""rueckholung"":true,""kindermitvers"":true}",1963,10000,47.60
Ideal,Sterbegeld pur+,"{""lebenslang"":true,""gp"":false,""wartezeit_monate"":36,""doppelte_unfall"":false,""rueckholung"":true,""kindermitvers"":true}",1963,5000,24.61
Ideal,Sterbegeld pur+,"{""lebenslang"":true,""gp"":false,""wartezeit_monate"":36,""doppelte_unfall"":false,""rueckholung"":true,""kindermitvers"":true}",1963,8000,39.38
Ideal,Sterbegeld pur+,"{""lebenslang"":true,""gp"":false,""wartezeit_monate"":36,""doppelte_unfall"":false,""rueckholung"":true,""kindermitvers"":true}",1963,10000,49.22
LV1871,Comfort plus,"{""lebenslang"":true,""gp"":false,""wartezeit_monate"":12,""doppelte_unfall"":true,""rueckholung"":false,""kindermitvers"":false}",1963,5000,27.25
LV1871,Comfort plus,"{""lebenslang"":true,""gp"":false,""wartezeit_monate"":12,""doppelte_unfall"":true,""rueckholung"":false,""kindermitvers"":false}",1963,8000,43.60
LV1871,Comfort plus,"{""lebenslang"":true,""gp"":false,""wartezeit_monate"":12,""doppelte_unfall"":true,""rueckholung"":false,""kindermitvers"":false}",1963,10000,54.50
November,Basic Plus,"{""lebenslang"":false,""gp"":false,""wartezeit_monate"":12,""doppelte_unfall"":true,""rueckholung"":true,""kindermitvers"":false,""zahlung_bis_alter"":85}",1963,5000,24.70
November,Basic Plus,"{""lebenslang"":false,""gp"":false,""wartezeit_monate"":12,""doppelte_unfall"":true,""rueckholung"":true,""kindermitvers"":false,""zahlung_bis_alter"":85}",1963,8000,39.52
November,Basic Plus,"{""lebenslang"":false,""gp"":false,""wartezeit_monate"":12,""doppelte_unfall"":true,""rueckholung"":true,""kindermitvers"":false,""zahlung_bis_alter"":85}",1963,10000,49.40
Allianz,Bestattungsschutzbrief,"{""lebenslang"":true,""gp"":false,""wartezeit_monate"":12,""doppelte_unfall"":true,""rueckholung"":true,""kindermitvers"":false}",1964,5000,24.74
Allianz,Bestattungsschutzbrief,"{""lebenslang"":true,""gp"":false,""wartezeit_monate"":12,""doppelte_unfall"":true,""rueckholung"":true,""kindermitvers"":false}",1964,8000,39.58
Allianz,Bestattungsschutzbrief,"{""lebenslang"":true,""gp"":false,""wartezeit_monate"":12,""doppelte_unfall"":true,""rueckholung"":true,""kindermitvers"":false}",1964,10000,49.48
DELA,sorgenfrei Leben,"{""lebenslang"":true,""gp"":true,""wartezeit_monate"":0,""doppelte_unfall"":true,""rueckholung"":true,""kindermitvers"":true}",1964,5000,22.62
DELA,sorgenfrei Leben,"{""lebenslang"":true,""gp"":true,""wartezeit_monate"":0,""doppelte_unfall"":true,""rueckholung"":true,""kindermitvers"":true}",1964,8000,36.19
DELA,sorgenfrei Leben,"{""lebenslang"":true,""gp"":true,""wartezeit_monate"":0,""doppelte_unfall"":true,""rueckholung"":true,""kindermitvers"":true}",1964,10000,45.24
Ideal,Sterbegeld pur+,"{""lebenslang"":true,""gp"":false,""wartezeit_monate"":36,""doppelte_unfall"":false,""rueckholung"":true,""kindermitvers"":true}",1964,5000,23.62
Ideal,Sterbegeld pur+,"{""lebenslang"":true,""gp"":false,""wartezeit_monate"":36,""doppelte_unfall"":false,""rueckholung"":true,""kindermitvers"":true}",1964,8000,37.79
Ideal,Sterbegeld pur+,"{""lebenslang"":true,""gp"":false,""wartezeit_monate"":36,""doppelte_unfall"":false,""rueckholung"":true,""kindermitvers"":true}",1964,10000,47.24
LV1871,Comfort plus,"{""lebenslang"":true,""gp"":false,""wartezeit_monate"":12,""doppelte_unfall"":true,""rueckholung"":false,""kindermitvers"":false}",1964,5000,26.18
LV1871,Comfort plus,"{""lebenslang"":true,""gp"":false,""wartezeit_monate"":12,""doppelte_unfall"":true,""rueckholung"":false,""kindermitvers"":false}",1964,8000,41.89
LV1871,Comfort plus,"{""lebenslang"":true,""gp"":false,""wartezeit_monate"":12,""doppelte_unfall"":true,""rueckholung"":false,""kindermitvers"":false}",1964,10000,52.36
November,Basic Plus,"{""lebenslang"":false,""gp"":false,""wartezeit_monate"":12,""doppelte_unfall"":true,""rueckholung"":true,""kindermitvers"":false,""zahlung_bis_alter"":85}",1964,5000,23.37
November,Basic Plus,"{""lebenslang"":false,""gp"":false,""wartezeit_monate"":12,""doppelte_unfall"":true,""rueckholung"":true,""kindermitvers"":false,""zahlung_bis_alter"":85}",1964,8000,37.39
November,Basic Plus,"{""lebenslang"":false,""gp"":false,""wartezeit_monate"":12,""doppelte_unfall"":true,""rueckholung"":true,""kindermitvers"":false,""zahlung_bis_alter"":85}",1964,10000,46.74
Allianz,Bestattungsschutzbrief,"{""lebenslang"":true,""gp"":false,""wartezeit_monate"":12,""doppelte_unfall"":true,""rueckholung"":true,""kindermitvers"":false}",1965,5000,23.79
Allianz,Bestattungsschutzbrief,"{""lebenslang"":true,""gp"":false,""wartezeit_monate"":12,""doppelte_unfall"":true,""rueckholung"":true,""kindermitvers"":false}",1965,8000,38.06
Allianz,Bestattungsschutzbrief,"{""lebenslang"":true,""gp"":false,""wartezeit_monate"":12,""doppelte_unfall"":true,""rueckholung"":true,""kindermitvers"":false}",1965,10000,47.58
DELA,sorgenfrei Leben,"{""lebenslang"":true,""gp"":true,""wartezeit_monate"":0,""doppelte_unfall"":true,""rueckholung"":true,""kindermitvers"":true}",1965,5000,21.53
DELA,sorgenfrei Leben,"{""lebenslang"":true,""gp"":true,""wartezeit_monate"":0,""doppelte_unfall"":true,""rueckholung"":true,""kindermitvers"":true}",1965,8000,34.45
DELA,sorgenfrei Leben,"{""lebenslang"":true,""gp"":true,""wartezeit_monate"":0,""doppelte_unfall"":true,""rueckholung"":true,""kindermitvers"":true}",1965,10000,43.06
Ideal,Sterbegeld pur+,"{""lebenslang"":true,""gp"":false,""wartezeit_monate"":36,""doppelte_unfall"":false,""rueckholung"":true,""kindermitvers"":true}",1965,5000,22.72
Ideal,Sterbegeld pur+,"{""lebenslang"":true,""gp"":false,""wartezeit_monate"":36,""doppelte_unfall"":false,""rueckholung"":true,""kindermitvers"":true}",1965,8000,36.35
Ideal,Sterbegeld pur+,"{""lebenslang"":true,""gp"":false,""wartezeit_monate"":36,""doppelte_unfall"":false,""rueckholung"":true,""kindermitvers"":true}",1965,10000,45.44
LV1871,Comfort plus,"{""lebenslang"":true,""gp"":false,""wartezeit_monate"":12,""doppelte_unfall"":true,""rueckholung"":false,""kindermitvers"":false}",1965,5000,25.17
LV1871,Comfort plus,"{""lebenslang"":true,""gp"":false,""wartezeit_monate"":12,""doppelte_unfall"":true,""rueckholung"":false,""kindermitvers"":false}",1965,8000,40.27
LV1871,Comfort plus,"{""lebenslang"":true,""gp"":false,""wartezeit_monate"":12,""doppelte_unfall"":true,""rueckholung"":false,""kindermitvers"":false}",1965,10000,50.34
November,Basic Plus,"{""lebenslang"":false,""gp"":false,""wartezeit_monate"":12,""doppelte_unfall"":true,""rueckholung"":true,""kindermitvers"":false,""zahlung_bis_alter"":85}",1965,5000,22.34
November,Basic Plus,"{""lebenslang"":false,""gp"":false,""wartezeit_monate"":12,""doppelte_unfall"":true,""rueckholung"":true,""kindermitvers"":false,""zahlung_bis_alter"":85}",1965,8000,35.74
November,Basic Plus,"{""lebenslang"":false,""gp"":false,""wartezeit_monate"":12,""doppelte_unfall"":true,""rueckholung"":true,""kindermitvers"":false,""zahlung_bis_alter"":85}",1965,10000,44.68
Allianz,Bestattungsschutzbrief,"{""lebenslang"":true,""gp"":false,""wartezeit_monate"":12,""doppelte_unfall"":true,""rueckholung"":true,""kindermitvers"":false}",1966,5000,22.90
Allianz,Bestattungsschutzbrief,"{""lebenslang"":true,""gp"":false,""wartezeit_monate"":12,""doppelte_unfall"":true,""rueckholung"":true,""kindermitvers"":false}",1966,8000,36.64
Allianz,Bestattungsschutzbrief,"{""lebenslang"":true,""gp"":false,""wartezeit_monate"":12,""doppelte_unfall"":true,""rueckholung"":true,""kindermitvers"":false}",1966,10000,45.80
DELA,sorgenfrei Leben,"{""lebenslang"":true,""gp"":true,""wartezeit_monate"":0,""doppelte_unfall"":true,""rueckholung"":true,""kindermitvers"":true}",1966,5000,20.52
DELA,sorgenfrei Leben,"{""lebenslang"":true,""gp"":true,""wartezeit_monate"":0,""doppelte_unfall"":true,""rueckholung"":true,""kindermitvers"":true}",1966,8000,32.83
DELA,sorgenfrei Leben,"{""lebenslang"":true,""gp"":true,""wartezeit_monate"":0,""doppelte_unfall"":true,""rueckholung"":true,""kindermitvers"":true}",1966,10000,41.04
Ideal,Sterbegeld pur+,"{""lebenslang"":true,""gp"":false,""wartezeit_monate"":36,""doppelte_unfall"":false,""rueckholung"":true,""kindermitvers"":true}",1966,5000,21.87
Ideal,Sterbegeld pur+,"{""lebenslang"":true,""gp"":false,""wartezeit_monate"":36,""doppelte_unfall"":false,""rueckholung"":true,""kindermitvers"":true}",1966,8000,34.99
Ideal,Sterbegeld pur+,"{""lebenslang"":true,""gp"":false,""wartezeit_monate"":36,""doppelte_unfall"":false,""rueckholung"":true,""kindermitvers"":true}",1966,10000,43.74
LV1871,Comfort plus,"{""lebenslang"":true,""gp"":false,""wartezeit_monate"":12,""doppelte_unfall"":true,""rueckholung"":false,""kindermitvers"":false}",1966,5000,24.22
LV1871,Comfort plus,"{""lebenslang"":true,""gp"":false,""wartezeit_monate"":12,""doppelte_unfall"":true,""rueckholung"":false,""kindermitvers"":false}",1966,8000,38.75
LV1871,Comfort plus,"{""lebenslang"":true,""gp"":false,""wartezeit_monate"":12,""doppelte_unfall"":true,""rueckholung"":false,""kindermitvers"":false}",1966,10000,48.44
November,Basic Plus,"{""lebenslang"":false,""gp"":false,""wartezeit_monate"":12,""doppelte_unfall"":true,""rueckholung"":true,""kindermitvers"":false,""zahlung_bis_alter"":85}",1966,5000,21.79
November,Basic Plus,"{""lebenslang"":false,""gp"":false,""wartezeit_monate"":12,""doppelte_unfall"":true,""rueckholung"":true,""kindermitvers"":false,""zahlung_bis_alter"":85}",1966,8000,34.86
November,Basic Plus,"{""lebenslang"":false,""gp"":false,""wartezeit_monate"":12,""doppelte_unfall"":true,""rueckholung"":true,""kindermitvers"":false,""zahlung_bis_alter"":85}",1966,10000,43.58
Allianz,Bestattungsschutzbrief,"{""lebenslang"":true,""gp"":false,""wartezeit_monate"":12,""doppelte_unfall"":true,""rueckholung"":true,""kindermitvers"":false}",1967,5000,22.05
Allianz,Bestattungsschutzbrief,"{""lebenslang"":true,""gp"":false,""wartezeit_monate"":12,""doppelte_unfall"":true,""rueckholung"":true,""kindermitvers"":false}",1967,8000,35.28
Allianz,Bestattungsschutzbrief,"{""lebenslang"":true,""gp"":false,""wartezeit_monate"":12,""doppelte_unfall"":true,""rueckholung"":true,""kindermitvers"":false}",1967,10000,44.10
DELA,sorgenfrei Leben,"{""lebenslang"":true,""gp"":true,""wartezeit_monate"":0,""doppelte_unfall"":true,""rueckholung"":true,""kindermitvers"":true}",1967,5000,19.58
DELA,sorgenfrei Leben,"{""lebenslang"":true,""gp"":true,""wartezeit_monate"":0,""doppelte_unfall"":true,""rueckholung"":true,""kindermitvers"":true}",1967,8000,31.33
DELA,sorgenfrei Leben,"{""lebenslang"":true,""gp"":true,""wartezeit_monate"":0,""doppelte_unfall"":true,""rueckholung"":true,""kindermitvers"":true}",1967,10000,39.16
Ideal,Sterbegeld pur+,"{""lebenslang"":true,""gp"":false,""wartezeit_monate"":36,""doppelte_unfall"":false,""rueckholung"":true,""kindermitvers"":true}",1967,5000,21.06
Ideal,Sterbegeld pur+,"{""lebenslang"":true,""gp"":false,""wartezeit_monate"":36,""doppelte_unfall"":false,""rueckholung"":true,""kindermitvers"":true}",1967,8000,33.70
Ideal,Sterbegeld pur+,"{""lebenslang"":true,""gp"":false,""wartezeit_monate"":36,""doppelte_unfall"":false,""rueckholung"":true,""kindermitvers"":true}",1967,10000,42.12
LV1871,Comfort plus,"{""lebenslang"":true,""gp"":false,""wartezeit_monate"":12,""doppelte_unfall"":true,""rueckholung"":false,""kindermitvers"":false}",1967,5000,23.33
LV1871,Comfort plus,"{""lebenslang"":true,""gp"":false,""wartezeit_monate"":12,""doppelte_unfall"":true,""rueckholung"":false,""kindermitvers"":false}",1967,8000,37.33
LV1871,Comfort plus,"{""lebenslang"":true,""gp"":false,""wartezeit_monate"":12,""doppelte_unfall"":true,""rueckholung"":false,""kindermitvers"":false}",1967,10000,46.66
November,Basic Plus,"{""lebenslang"":false,""gp"":false,""wartezeit_monate"":12,""doppelte_unfall"":true,""rueckholung"":true,""kindermitvers"":false,""zahlung_bis_alter"":85}",1967,5000,20.17
November,Basic Plus,"{""lebenslang"":false,""gp"":false,""wartezeit_monate"":12,""doppelte_unfall"":true,""rueckholung"":true,""kindermitvers"":false,""zahlung_bis_alter"":85}",1967,8000,32.27
November,Basic Plus,"{""lebenslang"":false,""gp"":false,""wartezeit_monate"":12,""doppelte_unfall"":true,""rueckholung"":true,""kindermitvers"":false,""zahlung_bis_alter"":85}",1967,10000,40.34
Allianz,Bestattungsschutzbrief,"{""lebenslang"":true,""gp"":false,""wartezeit_monate"":12,""doppelte_unfall"":true,""rueckholung"":true,""kindermitvers"":false}",1968,5000,21.26
Allianz,Bestattungsschutzbrief,"{""lebenslang"":true,""gp"":false,""wartezeit_monate"":12,""doppelte_unfall"":true,""rueckholung"":true,""kindermitvers"":false}",1968,8000,34.02
Allianz,Bestattungsschutzbrief,"{""lebenslang"":true,""gp"":false,""wartezeit_monate"":12,""doppelte_unfall"":true,""rueckholung"":true,""kindermitvers"":false}",1968,10000,42.52
DELA,sorgenfrei Leben,"{""lebenslang"":true,""gp"":true,""wartezeit_monate"":0,""doppelte_unfall"":true,""rueckholung"":true,""kindermitvers"":true}",1968,5000,18.71
DELA,sorgenfrei Leben,"{""lebenslang"":true,""gp"":true,""wartezeit_monate"":0,""doppelte_unfall"":true,""rueckholung"":true,""kindermitvers"":true}",1968,8000,29.94
DELA,sorgenfrei Leben,"{""lebenslang"":true,""gp"":true,""wartezeit_monate"":0,""doppelte_unfall"":true,""rueckholung"":true,""kindermitvers"":true}",1968,10000,37.42
Ideal,Sterbegeld pur+,"{""lebenslang"":true,""gp"":false,""wartezeit_monate"":36,""doppelte_unfall"":false,""rueckholung"":true,""kindermitvers"":true}",1968,5000,20.29
Ideal,Sterbegeld pur+,"{""lebenslang"":true,""gp"":false,""wartezeit_monate"":36,""doppelte_unfall"":false,""rueckholung"":true,""kindermitvers"":true}",1968,8000,32.46
Ideal,Sterbegeld pur+,"{""lebenslang"":true,""gp"":false,""wartezeit_monate"":36,""doppelte_unfall"":false,""rueckholung"":true,""kindermitvers"":true}",1968,10000,40.58
LV1871,Comfort plus,"{""lebenslang"":true,""gp"":false,""wartezeit_monate"":12,""doppelte_unfall"":true,""rueckholung"":false,""kindermitvers"":false}",1968,5000,20.50
LV1871,Comfort plus,"{""lebenslang"":true,""gp"":false,""wartezeit_monate"":12,""doppelte_unfall"":true,""rueckholung"":false,""kindermitvers"":false}",1968,8000,32.80
LV1871,Comfort plus,"{""lebenslang"":true,""gp"":false,""wartezeit_monate"":12,""doppelte_unfall"":true,""rueckholung"":false,""kindermitvers"":false}",1968,10000,41.00
November,Basic Plus,"{""lebenslang"":false,""gp"":false,""wartezeit_monate"":12,""doppelte_unfall"":true,""rueckholung"":true,""kindermitvers"":false,""zahlung_bis_alter"":85}",1968,5000,19.05
November,Basic Plus,"{""lebenslang"":false,""gp"":false,""wartezeit_monate"":12,""doppelte_unfall"":true,""rueckholung"":true,""kindermitvers"":false,""zahlung_bis_alter"":85}",1968,8000,30.48
November,Basic Plus,"{""lebenslang"":false,""gp"":false,""wartezeit_monate"":12,""doppelte_unfall"":true,""rueckholung"":true,""kindermitvers"":false,""zahlung_bis_alter"":85}",1968,10000,38.10
Allianz,Bestattungsschutzbrief,"{""lebenslang"":true,""gp"":false,""wartezeit_monate"":12,""doppelte_unfall"":true,""rueckholung"":true,""kindermitvers"":false}",1969,5000,20.50
Allianz,Bestattungsschutzbrief,"{""lebenslang"":true,""gp"":false,""wartezeit_monate"":12,""doppelte_unfall"":true,""rueckholung"":true,""kindermitvers"":false}",1969,8000,32.80
Allianz,Bestattungsschutzbrief,"{""lebenslang"":true,""gp"":false,""wartezeit_monate"":12,""doppelte_unfall"":true,""rueckholung"":true,""kindermitvers"":false}",1969,10000,41.00
DELA,sorgenfrei Leben,"{""lebenslang"":true,""gp"":true,""wartezeit_monate"":0,""doppelte_unfall"":true,""rueckholung"":true,""kindermitvers"":true}",1969,5000,17.90
DELA,sorgenfrei Leben,"{""lebenslang"":true,""gp"":true,""wartezeit_monate"":0,""doppelte_unfall"":true,""rueckholung"":true,""kindermitvers"":true}",1969,8000,28.64
DELA,sorgenfrei Leben,"{""lebenslang"":true,""gp"":true,""wartezeit_monate"":0,""doppelte_unfall"":true,""rueckholung"":true,""kindermitvers"":true}",1969,10000,35.80
Ideal,Sterbegeld pur+,"{""lebenslang"":true,""gp"":false,""wartezeit_monate"":36,""doppelte_unfall"":false,""rueckholung"":true,""kindermitvers"":true}",1969,5000,19.57
Ideal,Sterbegeld pur+,"{""lebenslang"":true,""gp"":false,""wartezeit_monate"":36,""doppelte_unfall"":false,""rueckholung"":true,""kindermitvers"":true}",1969,8000,31.31
Ideal,Sterbegeld pur+,"{""lebenslang"":true,""gp"":false,""wartezeit_monate"":36,""doppelte_unfall"":false,""rueckholung"":true,""kindermitvers"":true}",1969,10000,39.14
LV1871,Comfort plus,"{""lebenslang"":true,""gp"":false,""wartezeit_monate"":12,""doppelte_unfall"":true,""rueckholung"":false,""kindermitvers"":false}",1969,5000,21.71
LV1871,Comfort plus,"{""lebenslang"":true,""gp"":false,""wartezeit_monate"":12,""doppelte_unfall"":true,""rueckholung"":false,""kindermitvers"":false}",1969,8000,34.74
LV1871,Comfort plus,"{""lebenslang"":true,""gp"":false,""wartezeit_monate"":12,""doppelte_unfall"":true,""rueckholung"":false,""kindermitvers"":false}",1969,10000,43.42
November,Basic Plus,"{""lebenslang"":false,""gp"":false,""wartezeit_monate"":12,""doppelte_unfall"":true,""rueckholung"":true,""kindermitvers"":false,""zahlung_bis_alter"":85}",1969,5000,18.17
November,Basic Plus,"{""lebenslang"":false,""gp"":false,""wartezeit_monate"":12,""doppelte_unfall"":true,""rueckholung"":true,""kindermitvers"":false,""zahlung_bis_alter"":85}",1969,8000,29.07
November,Basic Plus,"{""lebenslang"":false,""gp"":false,""wartezeit_monate"":12,""doppelte_unfall"":true,""rueckholung"":true,""kindermitvers"":false,""zahlung_bis_alter"":85}",1969,10000,36.34
Allianz,Bestattungsschutzbrief,"{""lebenslang"":true,""gp"":false,""wartezeit_monate"":12,""doppelte_unfall"":true,""rueckholung"":true,""kindermitvers"":false}",1970,5000,19.80
Allianz,Bestattungsschutzbrief,"{""lebenslang"":true,""gp"":false,""wartezeit_monate"":12,""doppelte_unfall"":true,""rueckholung"":true,""kindermitvers"":false}",1970,8000,31.68
Allianz,Bestattungsschutzbrief,"{""lebenslang"":true,""gp"":false,""wartezeit_monate"":12,""doppelte_unfall"":true,""rueckholung"":true,""kindermitvers"":false}",1970,10000,39.60
DELA,sorgenfrei Leben,"{""lebenslang"":true,""gp"":true,""wartezeit_monate"":0,""doppelte_unfall"":true,""rueckholung"":true,""kindermitvers"":true}",1970,5000,17.14
DELA,sorgenfrei Leben,"{""lebenslang"":true,""gp"":true,""wartezeit_monate"":0,""doppelte_unfall"":true,""rueckholung"":true,""kindermitvers"":true}",1970,8000,27.42
DELA,sorgenfrei Leben,"{""lebenslang"":true,""gp"":true,""wartezeit_monate"":0,""doppelte_unfall"":true,""rueckholung"":true,""kindermitvers"":true}",1970,10000,34.28
Ideal,Sterbegeld pur+,"{""lebenslang"":true,""gp"":false,""wartezeit_monate"":36,""doppelte_unfall"":false,""rueckholung"":true,""kindermitvers"":true}",1970,5000,18.90
Ideal,Sterbegeld pur+,"{""lebenslang"":true,""gp"":false,""wartezeit_monate"":36,""doppelte_unfall"":false,""rueckholung"":true,""kindermitvers"":true}",1970,8000,30.24
Ideal,Sterbegeld pur+,"{""lebenslang"":true,""gp"":false,""wartezeit_monate"":36,""doppelte_unfall"":false,""rueckholung"":true,""kindermitvers"":true}",1970,10000,37.80
LV1871,Comfort plus,"{""lebenslang"":true,""gp"":false,""wartezeit_monate"":12,""doppelte_unfall"":true,""rueckholung"":false,""kindermitvers"":false}",1970,5000,20.47
LV1871,Comfort plus,"{""lebenslang"":true,""gp"":false,""wartezeit_monate"":12,""doppelte_unfall"":true,""rueckholung"":false,""kindermitvers"":false}",1970,8000,32.75
LV1871,Comfort plus,"{""lebenslang"":true,""gp"":false,""wartezeit_monate"":12,""doppelte_unfall"":true,""rueckholung"":false,""kindermitvers"":false}",1970,10000,40.94
November,Basic Plus,"{""lebenslang"":false,""gp"":false,""wartezeit_monate"":12,""doppelte_unfall"":true,""rueckholung"":true,""kindermitvers"":false,""zahlung_bis_alter"":85}",1970,5000,17.52
November,Basic Plus,"{""lebenslang"":false,""gp"":false,""wartezeit_monate"":12,""doppelte_unfall"":true,""rueckholung"":true,""kindermitvers"":false,""zahlung_bis_alter"":85}",1970,8000,28.03
November,Basic Plus,"{""lebenslang"":false,""gp"":false,""wartezeit_monate"":12,""doppelte_unfall"":true,""rueckholung"":true,""kindermitvers"":false,""zahlung_bis_alter"":85}",1970,10000,35.04

Hannoversche,Sterbegeld Plus,"{""lebenslang"": true, ""gp"": false, ""wartezeit_monate"": 12, ""doppelte_unfall"": false, ""rueckholung"": true, ""kindermitvers"": true}",1986,5000,12.6
Hannoversche,Sterbegeld Plus,"{""lebenslang"": true, ""gp"": false, ""wartezeit_monate"": 12, ""doppelte_unfall"": false, ""rueckholung"": true, ""kindermitvers"": true}",1986,8000,19.03
Hannoversche,Sterbegeld Plus,"{""lebenslang"": true, ""gp"": false, ""wartezeit_monate"": 12, ""doppelte_unfall"": false, ""rueckholung"": true, ""kindermitvers"": true}",1986,10000,23.31
Hannoversche,Sterbegeld Plus,"{""lebenslang"": true, ""gp"": false, ""wartezeit_monate"": 24, ""doppelte_unfall"": false, ""rueckholung"": true, ""kindermitvers"": true}",1986,5000,12.45
Hannoversche,Sterbegeld Plus,"{""lebenslang"": true, ""gp"": false, ""wartezeit_monate"": 24, ""doppelte_unfall"": false, ""rueckholung"": true, ""kindermitvers"": true}",1986,8000,18.79
Hannoversche,Sterbegeld Plus,"{""lebenslang"": true, ""gp"": false, ""wartezeit_monate"": 24, ""doppelte_unfall"": false, ""rueckholung"": true, ""kindermitvers"": true}",1986,10000,23.02
Hannoversche,Sterbegeld Plus,"{""lebenslang"": true, ""gp"": false, ""wartezeit_monate"": 36, ""doppelte_unfall"": false, ""rueckholung"": true, ""kindermitvers"": true}",1986,5000,12.41
Hannoversche,Sterbegeld Plus,"{""lebenslang"": true, ""gp"": false, ""wartezeit_monate"": 36, ""doppelte_unfall"": false, ""rueckholung"": true, ""kindermitvers"": true}",1986,8000,18.73
Hannoversche,Sterbegeld Plus,"{""lebenslang"": true, ""gp"": false, ""wartezeit_monate"": 36, ""doppelte_unfall"": false, ""rueckholung"": true, ""kindermitvers"": true}",1986,10000,22.94
Hannoversche,Sterbegeld Plus,"{""lebenslang"": true, ""gp"": false, ""wartezeit_monate"": 12, ""doppelte_unfall"": false, ""rueckholung"": true, ""kindermitvers"": true}",1985,5000,12.98
Hannoversche,Sterbegeld Plus,"{""lebenslang"": true, ""gp"": false, ""wartezeit_monate"": 12, ""doppelte_unfall"": false, ""rueckholung"": true, ""kindermitvers"": true}",1985,8000,19.64
Hannoversche,Sterbegeld Plus,"{""lebenslang"": true, ""gp"": false, ""wartezeit_monate"": 12, ""doppelte_unfall"": false, ""rueckholung"": true, ""kindermitvers"": true}",1985,10000,24.08
Hannoversche,Sterbegeld Plus,"{""lebenslang"": true, ""gp"": false, ""wartezeit_monate"": 24, ""doppelte_unfall"": false, ""rueckholung"": true, ""kindermitvers"": true}",1985,5000,12.81
Hannoversche,Sterbegeld Plus,"{""lebenslang"": true, ""gp"": false, ""wartezeit_monate"": 24, ""doppelte_unfall"": false, ""rueckholung"": true, ""kindermitvers"": true}",1985,8000,19.36
Hannoversche,Sterbegeld Plus,"{""lebenslang"": true, ""gp"": false, ""wartezeit_monate"": 24, ""doppelte_unfall"": false, ""rueckholung"": true, ""kindermitvers"": true}",1985,10000,23.73
Hannoversche,Sterbegeld Plus,"{""lebenslang"": true, ""gp"": false, ""wartezeit_monate"": 36, ""doppelte_unfall"": false, ""rueckholung"": true, ""kindermitvers"": true}",1985,5000,12.76
Hannoversche,Sterbegeld Plus,"{""lebenslang"": true, ""gp"": false, ""wartezeit_monate"": 36, ""doppelte_unfall"": false, ""rueckholung"": true, ""kindermitvers"": true}",1985,8000,19.29
Hannoversche,Sterbegeld Plus,"{""lebenslang"": true, ""gp"": false, ""wartezeit_monate"": 36, ""doppelte_unfall"": false, ""rueckholung"": true, ""kindermitvers"": true}",1985,10000,23.64
Hannoversche,Sterbegeld Plus,"{""lebenslang"": true, ""gp"": false, ""wartezeit_monate"": 12, ""doppelte_unfall"": false, ""rueckholung"": true, ""kindermitvers"": true}",1984,5000,13.39
Hannoversche,Sterbegeld Plus,"{""lebenslang"": true, ""gp"": false, ""wartezeit_monate"": 12, ""doppelte_unfall"": false, ""rueckholung"": true, ""kindermitvers"": true}",1984,8000,20.29
Hannoversche,Sterbegeld Plus,"{""lebenslang"": true, ""gp"": false, ""wartezeit_monate"": 12, ""doppelte_unfall"": false, ""rueckholung"": true, ""kindermitvers"": true}",1984,10000,24.89
Hannoversche,Sterbegeld Plus,"{""lebenslang"": true, ""gp"": false, ""wartezeit_monate"": 24, ""doppelte_unfall"": false, ""rueckholung"": true, ""kindermitvers"": true}",1984,5000,13.19
Hannoversche,Sterbegeld Plus,"{""lebenslang"": true, ""gp"": false, ""wartezeit_monate"": 24, ""doppelte_unfall"": false, ""rueckholung"": true, ""kindermitvers"": true}",1984,8000,19.97
Hannoversche,Sterbegeld Plus,"{""lebenslang"": true, ""gp"": false, ""wartezeit_monate"": 24, ""doppelte_unfall"": false, ""rueckholung"": true, ""kindermitvers"": true}",1984,10000,24.49
Hannoversche,Sterbegeld Plus,"{""lebenslang"": true, ""gp"": false, ""wartezeit_monate"": 36, ""doppelte_unfall"": false, ""rueckholung"": true, ""kindermitvers"": true}",1984,5000,13.14
Hannoversche,Sterbegeld Plus,"{""lebenslang"": true, ""gp"": false, ""wartezeit_monate"": 36, ""doppelte_unfall"": false, ""rueckholung"": true, ""kindermitvers"": true}",1984,8000,19.89
Hannoversche,Sterbegeld Plus,"{""lebenslang"": true, ""gp"": false, ""wartezeit_monate"": 36, ""doppelte_unfall"": false, ""rueckholung"": true, ""kindermitvers"": true}",1984,10000,24.39
Hannoversche,Sterbegeld Plus,"{""lebenslang"": true, ""gp"": false, ""wartezeit_monate"": 12, ""doppelte_unfall"": false, ""rueckholung"": true, ""kindermitvers"": true}",1983,5000,13.82
Hannoversche,Sterbegeld Plus,"{""lebenslang"": true, ""gp"": false, ""wartezeit_monate"": 12, ""doppelte_unfall"": false, ""rueckholung"": true, ""kindermitvers"": true}",1983,8000,20.97
Hannoversche,Sterbegeld Plus,"{""lebenslang"": true, ""gp"": false, ""wartezeit_monate"": 12, ""doppelte_unfall"": false, ""rueckholung"": true, ""kindermitvers"": true}",1983,10000,25.75
Hannoversche,Sterbegeld Plus,"{""lebenslang"": true, ""gp"": false, ""wartezeit_monate"": 24, ""doppelte_unfall"": false, ""rueckholung"": true, ""kindermitvers"": true}",1983,5000,13.59
Hannoversche,Sterbegeld Plus,"{""lebenslang"": true, ""gp"": false, ""wartezeit_monate"": 24, ""doppelte_unfall"": false, ""rueckholung"": true, ""kindermitvers"": true}",1983,8000,20.61
Hannoversche,Sterbegeld Plus,"{""lebenslang"": true, ""gp"": false, ""wartezeit_monate"": 24, ""doppelte_unfall"": false, ""rueckholung"": true, ""kindermitvers"": true}",1983,10000,25.29
Hannoversche,Sterbegeld Plus,"{""lebenslang"": true, ""gp"": false, ""wartezeit_monate"": 36, ""doppelte_unfall"": false, ""rueckholung"": true, ""kindermitvers"": true}",1983,5000,13.53
Hannoversche,Sterbegeld Plus,"{""lebenslang"": true, ""gp"": false, ""wartezeit_monate"": 36, ""doppelte_unfall"": false, ""rueckholung"": true, ""kindermitvers"": true}",1983,8000,20.51
Hannoversche,Sterbegeld Plus,"{""lebenslang"": true, ""gp"": false, ""wartezeit_monate"": 36, ""doppelte_unfall"": false, ""rueckholung"": true, ""kindermitvers"": true}",1983,10000,25.16
Hannoversche,Sterbegeld Plus,"{""lebenslang"": true, ""gp"": false, ""wartezeit_monate"": 12, ""doppelte_unfall"": false, ""rueckholung"": true, ""kindermitvers"": true}",1982,5000,14.28
Hannoversche,Sterbegeld Plus,"{""lebenslang"": true, ""gp"": false, ""wartezeit_monate"": 12, ""doppelte_unfall"": false, ""rueckholung"": true, ""kindermitvers"": true}",1982,8000,21.71
Hannoversche,Sterbegeld Plus,"{""lebenslang"": true, ""gp"": false, ""wartezeit_monate"": 12, ""doppelte_unfall"": false, ""rueckholung"": true, ""kindermitvers"": true}",1982,10000,26.66
Hannoversche,Sterbegeld Plus,"{""lebenslang"": true, ""gp"": false, ""wartezeit_monate"": 24, ""doppelte_unfall"": false, ""rueckholung"": true, ""kindermitvers"": true}",1982,5000,14.02
Hannoversche,Sterbegeld Plus,"{""lebenslang"": true, ""gp"": false, ""wartezeit_monate"": 24, ""doppelte_unfall"": false, ""rueckholung"": true, ""kindermitvers"": true}",1982,8000,21.28
Hannoversche,Sterbegeld Plus,"{""lebenslang"": true, ""gp"": false, ""wartezeit_monate"": 24, ""doppelte_unfall"": false, ""rueckholung"": true, ""kindermitvers"": true}",1982,10000,26.14
Hannoversche,Sterbegeld Plus,"{""lebenslang"": true, ""gp"": false, ""wartezeit_monate"": 36, ""doppelte_unfall"": false, ""rueckholung"": true, ""kindermitvers"": true}",1982,5000,13.94
Hannoversche,Sterbegeld Plus,"{""lebenslang"": true, ""gp"": false, ""wartezeit_monate"": 36, ""doppelte_unfall"": false, ""rueckholung"": true, ""kindermitvers"": true}",1982,8000,21.16
Hannoversche,Sterbegeld Plus,"{""lebenslang"": true, ""gp"": false, ""wartezeit_monate"": 36, ""doppelte_unfall"": false, ""rueckholung"": true, ""kindermitvers"": true}",1982,10000,25.99
Hannoversche,Sterbegeld Plus,"{""lebenslang"": true, ""gp"": false, ""wartezeit_monate"": 12, ""doppelte_unfall"": false, ""rueckholung"": true, ""kindermitvers"": true}",1981,5000,14.77
Hannoversche,Sterbegeld Plus,"{""lebenslang"": true, ""gp"": false, ""wartezeit_monate"": 12, ""doppelte_unfall"": false, ""rueckholung"": true, ""kindermitvers"": true}",1981,8000,22.48
Hannoversche,Sterbegeld Plus,"{""lebenslang"": true, ""gp"": false, ""wartezeit_monate"": 12, ""doppelte_unfall"": false, ""rueckholung"": true, ""kindermitvers"": true}",1981,10000,27.65
Hannoversche,Sterbegeld Plus,"{""lebenslang"": true, ""gp"": false, ""wartezeit_monate"": 24, ""doppelte_unfall"": false, ""rueckholung"": true, ""kindermitvers"": true}",1981,5000,14.45
Hannoversche,Sterbegeld Plus,"{""lebenslang"": true, ""gp"": false, ""wartezeit_monate"": 24, ""doppelte_unfall"": false, ""rueckholung"": true, ""kindermitvers"": true}",1981,8000,21.99
Hannoversche,Sterbegeld Plus,"{""lebenslang"": true, ""gp"": false, ""wartezeit_monate"": 24, ""doppelte_unfall"": false, ""rueckholung"": true, ""kindermitvers"": true}",1981,10000,27.02
Hannoversche,Sterbegeld Plus,"{""lebenslang"": true, ""gp"": false, ""wartezeit_monate"": 36, ""doppelte_unfall"": false, ""rueckholung"": true, ""kindermitvers"": true}",1981,5000,14.37
Hannoversche,Sterbegeld Plus,"{""lebenslang"": true, ""gp"": false, ""wartezeit_monate"": 36, ""doppelte_unfall"": false, ""rueckholung"": true, ""kindermitvers"": true}",1981,8000,21.85
Hannoversche,Sterbegeld Plus,"{""lebenslang"": true, ""gp"": false, ""wartezeit_monate"": 36, ""doppelte_unfall"": false, ""rueckholung"": true, ""kindermitvers"": true}",1981,10000,26.85
Hannoversche,Sterbegeld Plus,"{""lebenslang"": true, ""gp"": false, ""wartezeit_monate"": 12, ""doppelte_unfall"": false, ""rueckholung"": true, ""kindermitvers"": true}",1980,5000,15.29
Hannoversche,Sterbegeld Plus,"{""lebenslang"": true, ""gp"": false, ""wartezeit_monate"": 12, ""doppelte_unfall"": false, ""rueckholung"": true, ""kindermitvers"": true}",1980,8000,23.31
Hannoversche,Sterbegeld Plus,"{""lebenslang"": true, ""gp"": false, ""wartezeit_monate"": 12, ""doppelte_unfall"": false, ""rueckholung"": true, ""kindermitvers"": true}",1980,10000,26.86
Hannoversche,Sterbegeld Plus,"{""lebenslang"": true, ""gp"": false, ""wartezeit_monate"": 24, ""doppelte_unfall"": false, ""rueckholung"": true, ""kindermitvers"": true}",1980,5000,14.92
Hannoversche,Sterbegeld Plus,"{""lebenslang"": true, ""gp"": false, ""wartezeit_monate"": 24, ""doppelte_unfall"": false, ""rueckholung"": true, ""kindermitvers"": true}",1980,8000,22.73
Hannoversche,Sterbegeld Plus,"{""lebenslang"": true, ""gp"": false, ""wartezeit_monate"": 24, ""doppelte_unfall"": false, ""rueckholung"": true, ""kindermitvers"": true}",1980,10000,27.95
Hannoversche,Sterbegeld Plus,"{""lebenslang"": true, ""gp"": false, ""wartezeit_monate"": 36, ""doppelte_unfall"": false, ""rueckholung"": true, ""kindermitvers"": true}",1980,5000,14.82
Hannoversche,Sterbegeld Plus,"{""lebenslang"": true, ""gp"": false, ""wartezeit_monate"": 36, ""doppelte_unfall"": false, ""rueckholung"": true, ""kindermitvers"": true}",1980,8000,22.59
Hannoversche,Sterbegeld Plus,"{""lebenslang"": true, ""gp"": false, ""wartezeit_monate"": 36, ""doppelte_unfall"": false, ""rueckholung"": true, ""kindermitvers"": true}",1980,10000,27.76
Hannoversche,Sterbegeld Plus,"{""lebenslang"": true, ""gp"": false, ""wartezeit_monate"": 12, ""doppelte_unfall"": false, ""rueckholung"": true, ""kindermitvers"": true}",1979,5000,15.84
Hannoversche,Sterbegeld Plus,"{""lebenslang"": true, ""gp"": false, ""wartezeit_monate"": 12, ""doppelte_unfall"": false, ""rueckholung"": true, ""kindermitvers"": true}",1979,8000,24.2
Hannoversche,Sterbegeld Plus,"{""lebenslang"": true, ""gp"": false, ""wartezeit_monate"": 12, ""doppelte_unfall"": false, ""rueckholung"": true, ""kindermitvers"": true}",1979,10000,29.78
Hannoversche,Sterbegeld Plus,"{""lebenslang"": true, ""gp"": false, ""wartezeit_monate"": 24, ""doppelte_unfall"": false, ""rueckholung"": true, ""kindermitvers"": true}",1979,5000,15.41
Hannoversche,Sterbegeld Plus,"{""lebenslang"": true, ""gp"": false, ""wartezeit_monate"": 24, ""doppelte_unfall"": false, ""rueckholung"": true, ""kindermitvers"": true}",1979,8000,23.53
Hannoversche,Sterbegeld Plus,"{""lebenslang"": true, ""gp"": false, ""wartezeit_monate"": 24, ""doppelte_unfall"": false, ""rueckholung"": true, ""kindermitvers"": true}",1979,10000,28.94
Hannoversche,Sterbegeld Plus,"{""lebenslang"": true, ""gp"": false, ""wartezeit_monate"": 36, ""doppelte_unfall"": false, ""rueckholung"": true, ""kindermitvers"": true}",1979,5000,15.29
Hannoversche,Sterbegeld Plus,"{""lebenslang"": true, ""gp"": false, ""wartezeit_monate"": 36, ""doppelte_unfall"": false, ""rueckholung"": true, ""kindermitvers"": true}",1979,8000,23.33
Hannoversche,Sterbegeld Plus,"{""lebenslang"": true, ""gp"": false, ""wartezeit_monate"": 36, ""doppelte_unfall"": false, ""rueckholung"": true, ""kindermitvers"": true}",1979,10000,28.69
Hannoversche,Sterbegeld Plus,"{""lebenslang"": true, ""gp"": false, ""wartezeit_monate"": 12, ""doppelte_unfall"": false, ""rueckholung"": true, ""kindermitvers"": true}",1978,5000,16.44
Hannoversche,Sterbegeld Plus,"{""lebenslang"": true, ""gp"": false, ""wartezeit_monate"": 12, ""doppelte_unfall"": false, ""rueckholung"": true, ""kindermitvers"": true}",1978,8000,25.15
Hannoversche,Sterbegeld Plus,"{""lebenslang"": true, ""gp"": false, ""wartezeit_monate"": 12, ""doppelte_unfall"": false, ""rueckholung"": true, ""kindermitvers"": true}",1978,10000,30.97
Hannoversche,Sterbegeld Plus,"{""lebenslang"": true, ""gp"": false, ""wartezeit_monate"": 24, ""doppelte_unfall"": false, ""rueckholung"": true, ""kindermitvers"": true}",1978,5000,15.92
Hannoversche,Sterbegeld Plus,"{""lebenslang"": true, ""gp"": false, ""wartezeit_monate"": 24, ""doppelte_unfall"": false, ""rueckholung"": true, ""kindermitvers"": true}",1978,8000,24.34
Hannoversche,Sterbegeld Plus,"{""lebenslang"": true, ""gp"": false, ""wartezeit_monate"": 24, ""doppelte_unfall"": false, ""rueckholung"": true, ""kindermitvers"": true}",1978,10000,29.94
Hannoversche,Sterbegeld Plus,"{""lebenslang"": true, ""gp"": false, ""wartezeit_monate"": 36, ""doppelte_unfall"": false, ""rueckholung"": true, ""kindermitvers"": true}",1978,5000,15.78
Hannoversche,Sterbegeld Plus,"{""lebenslang"": true, ""gp"": false, ""wartezeit_monate"": 36, ""doppelte_unfall"": false, ""rueckholung"": true, ""kindermitvers"": true}",1978,8000,24.12
Hannoversche,Sterbegeld Plus,"{""lebenslang"": true, ""gp"": false, ""wartezeit_monate"": 36, ""doppelte_unfall"": false, ""rueckholung"": true, ""kindermitvers"": true}",1978,10000,29.67
Hannoversche,Sterbegeld Plus,"{""lebenslang"": true, ""gp"": false, ""wartezeit_monate"": 12, ""doppelte_unfall"": false, ""rueckholung"": true, ""kindermitvers"": true}",1977,5000,17.04
Hannoversche,Sterbegeld Plus,"{""lebenslang"": true, ""gp"": false, ""wartezeit_monate"": 12, ""doppelte_unfall"": false, ""rueckholung"": true, ""kindermitvers"": true}",1977,8000,26.12
Hannoversche,Sterbegeld Plus,"{""lebenslang"": true, ""gp"": false, ""wartezeit_monate"": 12, ""doppelte_unfall"": false, ""rueckholung"": true, ""kindermitvers"": true}",1977,10000,32.18
Hannoversche,Sterbegeld Plus,"{""lebenslang"": true, ""gp"": false, ""wartezeit_monate"": 24, ""doppelte_unfall"": false, ""rueckholung"": true, ""kindermitvers"": true}",1977,5000,16.46
Hannoversche,Sterbegeld Plus,"{""lebenslang"": true, ""gp"": false, ""wartezeit_monate"": 24, ""doppelte_unfall"": false, ""rueckholung"": true, ""kindermitvers"": true}",1977,8000,25.2
Hannoversche,Sterbegeld Plus,"{""lebenslang"": true, ""gp"": false, ""wartezeit_monate"": 24, ""doppelte_unfall"": false, ""rueckholung"": true, ""kindermitvers"": true}",1977,10000,21.02
Hannoversche,Sterbegeld Plus,"{""lebenslang"": true, ""gp"": false, ""wartezeit_monate"": 36, ""doppelte_unfall"": false, ""rueckholung"": true, ""kindermitvers"": true}",1977,5000,16.29
Hannoversche,Sterbegeld Plus,"{""lebenslang"": true, ""gp"": false, ""wartezeit_monate"": 36, ""doppelte_unfall"": false, ""rueckholung"": true, ""kindermitvers"": true}",1977,8000,24.39
Hannoversche,Sterbegeld Plus,"{""lebenslang"": true, ""gp"": false, ""wartezeit_monate"": 36, ""doppelte_unfall"": false, ""rueckholung"": true, ""kindermitvers"": true}",1977,10000,20.69
Hannoversche,Sterbegeld Plus,"{""lebenslang"": true, ""gp"": false, ""wartezeit_monate"": 12, ""doppelte_unfall"": false, ""rueckholung"": true, ""kindermitvers"": true}",1976,5000,17.69
Hannoversche,Sterbegeld Plus,"{""lebenslang"": true, ""gp"": false, ""wartezeit_monate"": 12, ""doppelte_unfall"": false, ""rueckholung"": true, ""kindermitvers"": true}",1976,8000,27.16
Hannoversche,Sterbegeld Plus,"{""lebenslang"": true, ""gp"": false, ""wartezeit_monate"": 12, ""doppelte_unfall"": false, ""rueckholung"": true, ""kindermitvers"": true}",1976,10000,33.48
Hannoversche,Sterbegeld Plus,"{""lebenslang"": true, ""gp"": false, ""wartezeit_monate"": 24, ""doppelte_unfall"": false, ""rueckholung"": true, ""kindermitvers"": true}",1976,5000,17.01
Hannoversche,Sterbegeld Plus,"{""lebenslang"": true, ""gp"": false, ""wartezeit_monate"": 24, ""doppelte_unfall"": false, ""rueckholung"": true, ""kindermitvers"": true}",1976,8000,26.07
Hannoversche,Sterbegeld Plus,"{""lebenslang"": true, ""gp"": false, ""wartezeit_monate"": 24, ""doppelte_unfall"": false, ""rueckholung"": true, ""kindermitvers"": true}",1976,10000,32.74
Hannoversche,Sterbegeld Plus,"{""lebenslang"": true, ""gp"": false, ""wartezeit_monate"": 36, ""doppelte_unfall"": false, ""rueckholung"": true, ""kindermitvers"": true}",1976,5000,16.82
Hannoversche,Sterbegeld Plus,"{""lebenslang"": true, ""gp"": false, ""wartezeit_monate"": 36, ""doppelte_unfall"": false, ""rueckholung"": true, ""kindermitvers"": true}",1976,8000,25.77
Hannoversche,Sterbegeld Plus,"{""lebenslang"": true, ""gp"": false, ""wartezeit_monate"": 36, ""doppelte_unfall"": false, ""rueckholung"": true, ""kindermitvers"": true}",1976,10000,31.74
Hannoversche,Sterbegeld Plus,"{""lebenslang"": true, ""gp"": false, ""wartezeit_monate"": 12, ""doppelte_unfall"": false, ""rueckholung"": true, ""kindermitvers"": true}",1975,5000,18.36
Hannoversche,Sterbegeld Plus,"{""lebenslang"": true, ""gp"": false, ""wartezeit_monate"": 12, ""doppelte_unfall"": false, ""rueckholung"": true, ""kindermitvers"": true}",1975,8000,28.23
Hannoversche,Sterbegeld Plus,"{""lebenslang"": true, ""gp"": false, ""wartezeit_monate"": 12, ""doppelte_unfall"": false, ""rueckholung"": true, ""kindermitvers"": true}",1975,10000,34.82
Hannoversche,Sterbegeld Plus,"{""lebenslang"": true, ""gp"": false, ""wartezeit_monate"": 24, ""doppelte_unfall"": false, ""rueckholung"": true, ""kindermitvers"": true}",1975,5000,17.6
Hannoversche,Sterbegeld Plus,"{""lebenslang"": true, ""gp"": false, ""wartezeit_monate"": 24, ""doppelte_unfall"": false, ""rueckholung"": true, ""kindermitvers"": true}",1975,8000,27.01
Hannoversche,Sterbegeld Plus,"{""lebenslang"": true, ""gp"": false, ""wartezeit_monate"": 24, ""doppelte_unfall"": false, ""rueckholung"": true, ""kindermitvers"": true}",1975,10000,33.29
Hannoversche,Sterbegeld Plus,"{""lebenslang"": true, ""gp"": false, ""wartezeit_monate"": 36, ""doppelte_unfall"": false, ""rueckholung"": true, ""kindermitvers"": true}",1975,5000,17.38
Hannoversche,Sterbegeld Plus,"{""lebenslang"": true, ""gp"": false, ""wartezeit_monate"": 36, ""doppelte_unfall"": false, ""rueckholung"": true, ""kindermitvers"": true}",1975,8000,26.66
Hannoversche,Sterbegeld Plus,"{""lebenslang"": true, ""gp"": false, ""wartezeit_monate"": 36, ""doppelte_unfall"": false, ""rueckholung"": true, ""kindermitvers"": true}",1975,10000,32.86
Hannoversche,Sterbegeld Plus,"{""lebenslang"": true, ""gp"": false, ""wartezeit_monate"": 12, ""doppelte_unfall"": false, ""rueckholung"": true, ""kindermitvers"": true}",1974,5000,19.07
Hannoversche,Sterbegeld Plus,"{""lebenslang"": true, ""gp"": false, ""wartezeit_monate"": 12, ""doppelte_unfall"": false, ""rueckholung"": true, ""kindermitvers"": true}",1974,8000,29.37
Hannoversche,Sterbegeld Plus,"{""lebenslang"": true, ""gp"": false, ""wartezeit_monate"": 12, ""doppelte_unfall"": false, ""rueckholung"": true, ""kindermitvers"": true}",1974,10000,36.24
Hannoversche,Sterbegeld Plus,"{""lebenslang"": true, ""gp"": false, ""wartezeit_monate"": 24, ""doppelte_unfall"": false, ""rueckholung"": true, ""kindermitvers"": true}",1974,5000,18.21
Hannoversche,Sterbegeld Plus,"{""lebenslang"": true, ""gp"": false, ""wartezeit_monate"": 24, ""doppelte_unfall"": false, ""rueckholung"": true, ""kindermitvers"": true}",1974,8000,27.98
Hannoversche,Sterbegeld Plus,"{""lebenslang"": true, ""gp"": false, ""wartezeit_monate"": 24, ""doppelte_unfall"": false, ""rueckholung"": true, ""kindermitvers"": true}",1974,10000,34.51
Hannoversche,Sterbegeld Plus,"{""lebenslang"": true, ""gp"": false, ""wartezeit_monate"": 36, ""doppelte_unfall"": false, ""rueckholung"": true, ""kindermitvers"": true}",1974,5000,17.97
Hannoversche,Sterbegeld Plus,"{""lebenslang"": true, ""gp"": false, ""wartezeit_monate"": 36, ""doppelte_unfall"": false, ""rueckholung"": true, ""kindermitvers"": true}",1974,8000,27.6
Hannoversche,Sterbegeld Plus,"{""lebenslang"": true, ""gp"": false, ""wartezeit_monate"": 36, ""doppelte_unfall"": false, ""rueckholung"": true, ""kindermitvers"": true}",1974,10000,34.03
Hannoversche,Sterbegeld Plus,"{""lebenslang"": true, ""gp"": false, ""wartezeit_monate"": 12, ""doppelte_unfall"": false, ""rueckholung"": true, ""kindermitvers"": true}",1973,5000,19.82
Hannoversche,Sterbegeld Plus,"{""lebenslang"": true, ""gp"": false, ""wartezeit_monate"": 12, ""doppelte_unfall"": false, ""rueckholung"": true, ""kindermitvers"": true}",1973,8000,30.58
Hannoversche,Sterbegeld Plus,"{""lebenslang"": true, ""gp"": false, ""wartezeit_monate"": 12, ""doppelte_unfall"": false, ""rueckholung"": true, ""kindermitvers"": true}",1973,10000,37.75
Hannoversche,Sterbegeld Plus,"{""lebenslang"": true, ""gp"": false, ""wartezeit_monate"": 24, ""doppelte_unfall"": false, ""rueckholung"": true, ""kindermitvers"": true}",1973,5000,18.85
Hannoversche,Sterbegeld Plus,"{""lebenslang"": true, ""gp"": false, ""wartezeit_monate"": 24, ""doppelte_unfall"": false, ""rueckholung"": true, ""kindermitvers"": true}",1973,8000,29.01
Hannoversche,Sterbegeld Plus,"{""lebenslang"": true, ""gp"": false, ""wartezeit_monate"": 24, ""doppelte_unfall"": false, ""rueckholung"": true, ""kindermitvers"": true}",1973,10000,35.8
Hannoversche,Sterbegeld Plus,"{""lebenslang"": true, ""gp"": false, ""wartezeit_monate"": 36, ""doppelte_unfall"": false, ""rueckholung"": true, ""kindermitvers"": true}",1973,5000,18.58
Hannoversche,Sterbegeld Plus,"{""lebenslang"": true, ""gp"": false, ""wartezeit_monate"": 36, ""doppelte_unfall"": false, ""rueckholung"": true, ""kindermitvers"": true}",1973,8000,28.59
Hannoversche,Sterbegeld Plus,"{""lebenslang"": true, ""gp"": false, ""wartezeit_monate"": 36, ""doppelte_unfall"": false, ""rueckholung"": true, ""kindermitvers"": true}",1973,10000,35.26
Hannoversche,Sterbegeld Plus,"{""lebenslang"": true, ""gp"": false, ""wartezeit_monate"": 12, ""doppelte_unfall"": false, ""rueckholung"": true, ""kindermitvers"": true}",1972,5000,20.64
Hannoversche,Sterbegeld Plus,"{""lebenslang"": true, ""gp"": false, ""wartezeit_monate"": 12, ""doppelte_unfall"": false, ""rueckholung"": true, ""kindermitvers"": true}",1972,8000,31.87
Hannoversche,Sterbegeld Plus,"{""lebenslang"": true, ""gp"": false, ""wartezeit_monate"": 12, ""doppelte_unfall"": false, ""rueckholung"": true, ""kindermitvers"": true}",1972,10000,39.37
Hannoversche,Sterbegeld Plus,"{""lebenslang"": true, ""gp"": false, ""wartezeit_monate"": 24, ""doppelte_unfall"": false, ""rueckholung"": true, ""kindermitvers"": true}",1972,5000,19.53
Hannoversche,Sterbegeld Plus,"{""lebenslang"": true, ""gp"": false, ""wartezeit_monate"": 24, ""doppelte_unfall"": false, ""rueckholung"": true, ""kindermitvers"": true}",1972,8000,30.11
Hannoversche,Sterbegeld Plus,"{""lebenslang"": true, ""gp"": false, ""wartezeit_monate"": 24, ""doppelte_unfall"": false, ""rueckholung"": true, ""kindermitvers"": true}",1972,10000,37.17
Hannoversche,Sterbegeld Plus,"{""lebenslang"": true, ""gp"": false, ""wartezeit_monate"": 36, ""doppelte_unfall"": false, ""rueckholung"": true, ""kindermitvers"": true}",1972,5000,19.23
Hannoversche,Sterbegeld Plus,"{""lebenslang"": true, ""gp"": false, ""wartezeit_monate"": 36, ""doppelte_unfall"": false, ""rueckholung"": true, ""kindermitvers"": true}",1972,8000,29.62
Hannoversche,Sterbegeld Plus,"{""lebenslang"": true, ""gp"": false, ""wartezeit_monate"": 36, ""doppelte_unfall"": false, ""rueckholung"": true, ""kindermitvers"": true}",1972,10000,36.56
Hannoversche,Sterbegeld Plus,"{""lebenslang"": true, ""gp"": false, ""wartezeit_monate"": 12, ""doppelte_unfall"": false, ""rueckholung"": true, ""kindermitvers"": true}",1971,5000,21.51
Hannoversche,Sterbegeld Plus,"{""lebenslang"": true, ""gp"": false, ""wartezeit_monate"": 12, ""doppelte_unfall"": false, ""rueckholung"": true, ""kindermitvers"": true}",1971,8000,33.26
Hannoversche,Sterbegeld Plus,"{""lebenslang"": true, ""gp"": false, ""wartezeit_monate"": 12, ""doppelte_unfall"": false, ""rueckholung"": true, ""kindermitvers"": true}",1971,10000,41.1
Hannoversche,Sterbegeld Plus,"{""lebenslang"": true, ""gp"": false, ""wartezeit_monate"": 24, ""doppelte_unfall"": false, ""rueckholung"": true, ""kindermitvers"": true}",1971,5000,20.44
Hannoversche,Sterbegeld Plus,"{""lebenslang"": true, ""gp"": false, ""wartezeit_monate"": 24, ""doppelte_unfall"": false, ""rueckholung"": true, ""kindermitvers"": true}",1971,8000,31.57
Hannoversche,Sterbegeld Plus,"{""lebenslang"": true, ""gp"": false, ""wartezeit_monate"": 24, ""doppelte_unfall"": false, ""rueckholung"": true, ""kindermitvers"": true}",1971,10000,38.99
Hannoversche,Sterbegeld Plus,"{""lebenslang"": true, ""gp"": false, ""wartezeit_monate"": 36, ""doppelte_unfall"": false, ""rueckholung"": true, ""kindermitvers"": true}",1971,5000,20.26
Hannoversche,Sterbegeld Plus,"{""lebenslang"": true, ""gp"": false, ""wartezeit_monate"": 36, ""doppelte_unfall"": false, ""rueckholung"": true, ""kindermitvers"": true}",1971,8000,32.26
Hannoversche,Sterbegeld Plus,"{""lebenslang"": true, ""gp"": false, ""wartezeit_monate"": 36, ""doppelte_unfall"": false, ""rueckholung"": true, ""kindermitvers"": true}",1971,10000,38.61
Hannoversche,Sterbegeld Plus,"{""lebenslang"": true, ""gp"": false, ""wartezeit_monate"": 12, ""doppelte_unfall"": false, ""rueckholung"": true, ""kindermitvers"": true}",1970,5000,22.44
Hannoversche,Sterbegeld Plus,"{""lebenslang"": true, ""gp"": false, ""wartezeit_monate"": 12, ""doppelte_unfall"": false, ""rueckholung"": true, ""kindermitvers"": true}",1970,8000,34.75
Hannoversche,Sterbegeld Plus,"{""lebenslang"": true, ""gp"": false, ""wartezeit_monate"": 12, ""doppelte_unfall"": false, ""rueckholung"": true, ""kindermitvers"": true}",1970,10000,42.96
Hannoversche,Sterbegeld Plus,"{""lebenslang"": true, ""gp"": false, ""wartezeit_monate"": 24, ""doppelte_unfall"": false, ""rueckholung"": true, ""kindermitvers"": true}",1970,5000,21.02
Hannoversche,Sterbegeld Plus,"{""lebenslang"": true, ""gp"": false, ""wartezeit_monate"": 24, ""doppelte_unfall"": false, ""rueckholung"": true, ""kindermitvers"": true}",1970,8000,32.49
Hannoversche,Sterbegeld Plus,"{""lebenslang"": true, ""gp"": false, ""wartezeit_monate"": 24, ""doppelte_unfall"": false, ""rueckholung"": true, ""kindermitvers"": true}",1970,10000,40.14
Hannoversche,Sterbegeld Plus,"{""lebenslang"": true, ""gp"": false, ""wartezeit_monate"": 36, ""doppelte_unfall"": false, ""rueckholung"": true, ""kindermitvers"": true}",1970,5000,20.64
Hannoversche,Sterbegeld Plus,"{""lebenslang"": true, ""gp"": false, ""wartezeit_monate"": 36, ""doppelte_unfall"": false, ""rueckholung"": true, ""kindermitvers"": true}",1970,8000,31.87
Hannoversche,Sterbegeld Plus,"{""lebenslang"": true, ""gp"": false, ""wartezeit_monate"": 36, ""doppelte_unfall"": false, ""rueckholung"": true, ""kindermitvers"": true}",1970,10000,39.36
Hannoversche,Sterbegeld Plus,"{""lebenslang"": true, ""gp"": false, ""wartezeit_monate"": 12, ""doppelte_unfall"": false, ""rueckholung"": true, ""kindermitvers"": true}",1969,5000,23.43
Hannoversche,Sterbegeld Plus,"{""lebenslang"": true, ""gp"": false, ""wartezeit_monate"": 12, ""doppelte_unfall"": false, ""rueckholung"": true, ""kindermitvers"": true}",1969,8000,36.35
Hannoversche,Sterbegeld Plus,"{""lebenslang"": true, ""gp"": false, ""wartezeit_monate"": 12, ""doppelte_unfall"": false, ""rueckholung"": true, ""kindermitvers"": true}",1969,10000,44.96
Hannoversche,Sterbegeld Plus,"{""lebenslang"": true, ""gp"": false, ""wartezeit_monate"": 24, ""doppelte_unfall"": false, ""rueckholung"": true, ""kindermitvers"": true}",1969,5000,21.83
Hannoversche,Sterbegeld Plus,"{""lebenslang"": true, ""gp"": false, ""wartezeit_monate"": 24, ""doppelte_unfall"": false, ""rueckholung"": true, ""kindermitvers"": true}",1969,8000,33.77
Hannoversche,Sterbegeld Plus,"{""lebenslang"": true, ""gp"": false, ""wartezeit_monate"": 24, ""doppelte_unfall"": false, ""rueckholung"": true, ""kindermitvers"": true}",1969,10000,41.75
Hannoversche,Sterbegeld Plus,"{""lebenslang"": true, ""gp"": false, ""wartezeit_monate"": 36, ""doppelte_unfall"": false, ""rueckholung"": true, ""kindermitvers"": true}",1969,5000,21.39
Hannoversche,Sterbegeld Plus,"{""lebenslang"": true, ""gp"": false, ""wartezeit_monate"": 36, ""doppelte_unfall"": false, ""rueckholung"": true, ""kindermitvers"": true}",1969,8000,33.08
Hannoversche,Sterbegeld Plus,"{""lebenslang"": true, ""gp"": false, ""wartezeit_monate"": 36, ""doppelte_unfall"": false, ""rueckholung"": true, ""kindermitvers"": true}",1969,10000,40.87
Hannoversche,Sterbegeld Plus,"{""lebenslang"": true, ""gp"": false, ""wartezeit_monate"": 12, ""doppelte_unfall"": false, ""rueckholung"": true, ""kindermitvers"": true}",1968,5000,24.51
Hannoversche,Sterbegeld Plus,"{""lebenslang"": true, ""gp"": false, ""wartezeit_monate"": 12, ""doppelte_unfall"": false, ""rueckholung"": true, ""kindermitvers"": true}",1968,8000,38.06
Hannoversche,Sterbegeld Plus,"{""lebenslang"": true, ""gp"": false, ""wartezeit_monate"": 12, ""doppelte_unfall"": false, ""rueckholung"": true, ""kindermitvers"": true}",1968,10000,47.1
Hannoversche,Sterbegeld Plus,"{""lebenslang"": true, ""gp"": false, ""wartezeit_monate"": 24, ""doppelte_unfall"": false, ""rueckholung"": true, ""kindermitvers"": true}",1968,5000,22.68
Hannoversche,Sterbegeld Plus,"{""lebenslang"": true, ""gp"": false, ""wartezeit_monate"": 24, ""doppelte_unfall"": false, ""rueckholung"": true, ""kindermitvers"": true}",1968,8000,35.14
Hannoversche,Sterbegeld Plus,"{""lebenslang"": true, ""gp"": false, ""wartezeit_monate"": 24, ""doppelte_unfall"": false, ""rueckholung"": true, ""kindermitvers"": true}",1968,10000,43.45
Hannoversche,Sterbegeld Plus,"{""lebenslang"": true, ""gp"": false, ""wartezeit_monate"": 36, ""doppelte_unfall"": false, ""rueckholung"": true, ""kindermitvers"": true}",1968,5000,22.18
Hannoversche,Sterbegeld Plus,"{""lebenslang"": true, ""gp"": false, ""wartezeit_monate"": 36, ""doppelte_unfall"": false, ""rueckholung"": true, ""kindermitvers"": true}",1968,8000,34.34
Hannoversche,Sterbegeld Plus,"{""lebenslang"": true, ""gp"": false, ""wartezeit_monate"": 36, ""doppelte_unfall"": false, ""rueckholung"": true, ""kindermitvers"": true}",1968,10000,42.46
Hannoversche,Sterbegeld Plus,"{""lebenslang"": true, ""gp"": false, ""wartezeit_monate"": 12, ""doppelte_unfall"": false, ""rueckholung"": true, ""kindermitvers"": true}",1967,5000,25.65
Hannoversche,Sterbegeld Plus,"{""lebenslang"": true, ""gp"": false, ""wartezeit_monate"": 12, ""doppelte_unfall"": false, ""rueckholung"": true, ""kindermitvers"": true}",1967,8000,39.88
Hannoversche,Sterbegeld Plus,"{""lebenslang"": true, ""gp"": false, ""wartezeit_monate"": 12, ""doppelte_unfall"": false, ""rueckholung"": true, ""kindermitvers"": true}",1967,10000,49.38
Hannoversche,Sterbegeld Plus,"{""lebenslang"": true, ""gp"": false, ""wartezeit_monate"": 24, ""doppelte_unfall"": false, ""rueckholung"": true, ""kindermitvers"": true}",1967,5000,23.58
Hannoversche,Sterbegeld Plus,"{""lebenslang"": true, ""gp"": false, ""wartezeit_monate"": 24, ""doppelte_unfall"": false, ""rueckholung"": true, ""kindermitvers"": true}",1967,8000,36.57
Hannoversche,Sterbegeld Plus,"{""lebenslang"": true, ""gp"": false, ""wartezeit_monate"": 24, ""doppelte_unfall"": false, ""rueckholung"": true, ""kindermitvers"": true}",1967,10000,45.24
Hannoversche,Sterbegeld Plus,"{""lebenslang"": true, ""gp"": false, ""wartezeit_monate"": 36, ""doppelte_unfall"": false, ""rueckholung"": true, ""kindermitvers"": true}",1967,5000,23.01
Hannoversche,Sterbegeld Plus,"{""lebenslang"": true, ""gp"": false, ""wartezeit_monate"": 36, ""doppelte_unfall"": false, ""rueckholung"": true, ""kindermitvers"": true}",1967,8000,35.66
Hannoversche,Sterbegeld Plus,"{""lebenslang"": true, ""gp"": false, ""wartezeit_monate"": 36, ""doppelte_unfall"": false, ""rueckholung"": true, ""kindermitvers"": true}",1967,10000,44.1
Hannoversche,Sterbegeld Plus,"{""lebenslang"": true, ""gp"": false, ""wartezeit_monate"": 12, ""doppelte_unfall"": false, ""rueckholung"": true, ""kindermitvers"": true}",1966,5000,26.87
Hannoversche,Sterbegeld Plus,"{""lebenslang"": true, ""gp"": false, ""wartezeit_monate"": 12, ""doppelte_unfall"": false, ""rueckholung"": true, ""kindermitvers"": true}",1966,8000,41.84
Hannoversche,Sterbegeld Plus,"{""lebenslang"": true, ""gp"": false, ""wartezeit_monate"": 12, ""doppelte_unfall"": false, ""rueckholung"": true, ""kindermitvers"": true}",1966,10000,51.82
Hannoversche,Sterbegeld Plus,"{""lebenslang"": true, ""gp"": false, ""wartezeit_monate"": 24, ""doppelte_unfall"": false, ""rueckholung"": true, ""kindermitvers"": true}",1966,5000,24.51
Hannoversche,Sterbegeld Plus,"{""lebenslang"": true, ""gp"": false, ""wartezeit_monate"": 24, ""doppelte_unfall"": false, ""rueckholung"": true, ""kindermitvers"": true}",1966,8000,38.07
Hannoversche,Sterbegeld Plus,"{""lebenslang"": true, ""gp"": false, ""wartezeit_monate"": 24, ""doppelte_unfall"": false, ""rueckholung"": true, ""kindermitvers"": true}",1966,10000,47.11
Hannoversche,Sterbegeld Plus,"{""lebenslang"": true, ""gp"": false, ""wartezeit_monate"": 36, ""doppelte_unfall"": false, ""rueckholung"": true, ""kindermitvers"": true}",1966,5000,23.87
Hannoversche,Sterbegeld Plus,"{""lebenslang"": true, ""gp"": false, ""wartezeit_monate"": 36, ""doppelte_unfall"": false, ""rueckholung"": true, ""kindermitvers"": true}",1966,8000,37.04
Hannoversche,Sterbegeld Plus,"{""lebenslang"": true, ""gp"": false, ""wartezeit_monate"": 36, ""doppelte_unfall"": false, ""rueckholung"": true, ""kindermitvers"": true}",1966,10000,45.83
Hannoversche,Sterbegeld Plus,"{""lebenslang"": true, ""gp"": false, ""wartezeit_monate"": 12, ""doppelte_unfall"": false, ""rueckholung"": true, ""kindermitvers"": true}",1965,5000,28.16
Hannoversche,Sterbegeld Plus,"{""lebenslang"": true, ""gp"": false, ""wartezeit_monate"": 12, ""doppelte_unfall"": false, ""rueckholung"": true, ""kindermitvers"": true}",1965,8000,43.9
Hannoversche,Sterbegeld Plus,"{""lebenslang"": true, ""gp"": false, ""wartezeit_monate"": 12, ""doppelte_unfall"": false, ""rueckholung"": true, ""kindermitvers"": true}",1965,10000,54.4
Hannoversche,Sterbegeld Plus,"{""lebenslang"": true, ""gp"": false, ""wartezeit_monate"": 24, ""doppelte_unfall"": false, ""rueckholung"": true, ""kindermitvers"": true}",1965,5000,25.49
Hannoversche,Sterbegeld Plus,"{""lebenslang"": true, ""gp"": false, ""wartezeit_monate"": 24, ""doppelte_unfall"": false, ""rueckholung"": true, ""kindermitvers"": true}",1965,8000,39.64
Hannoversche,Sterbegeld Plus,"{""lebenslang"": true, ""gp"": false, ""wartezeit_monate"": 24, ""doppelte_unfall"": false, ""rueckholung"": true, ""kindermitvers"": true}",1965,10000,49.08
Hannoversche,Sterbegeld Plus,"{""lebenslang"": true, ""gp"": false, ""wartezeit_monate"": 36, ""doppelte_unfall"": false, ""rueckholung"": true, ""kindermitvers"": true}",1965,5000,24.77
Hannoversche,Sterbegeld Plus,"{""lebenslang"": true, ""gp"": false, ""wartezeit_monate"": 36, ""doppelte_unfall"": false, ""rueckholung"": true, ""kindermitvers"": true}",1965,8000,38.47
Hannoversche,Sterbegeld Plus,"{""lebenslang"": true, ""gp"": false, ""wartezeit_monate"": 36, ""doppelte_unfall"": false, ""rueckholung"": true, ""kindermitvers"": true}",1965,10000,47.62
Hannoversche,Sterbegeld Plus,"{""lebenslang"": true, ""gp"": false, ""wartezeit_monate"": 12, ""doppelte_unfall"": false, ""rueckholung"": true, ""kindermitvers"": true}",1964,5000,29.53
Hannoversche,Sterbegeld Plus,"{""lebenslang"": true, ""gp"": false, ""wartezeit_monate"": 12, ""doppelte_unfall"": false, ""rueckholung"": true, ""kindermitvers"": true}",1964,8000,46.08
Hannoversche,Sterbegeld Plus,"{""lebenslang"": true, ""gp"": false, ""wartezeit_monate"": 12, ""doppelte_unfall"": false, ""rueckholung"": true, ""kindermitvers"": true}",1964,10000,57.13
Hannoversche,Sterbegeld Plus,"{""lebenslang"": true, ""gp"": false, ""wartezeit_monate"": 24, ""doppelte_unfall"": false, ""rueckholung"": true, ""kindermitvers"": true}",1964,5000,26.52
Hannoversche,Sterbegeld Plus,"{""lebenslang"": true, ""gp"": false, ""wartezeit_monate"": 24, ""doppelte_unfall"": false, ""rueckholung"": true, ""kindermitvers"": true}",1964,8000,41.28
Hannoversche,Sterbegeld Plus,"{""lebenslang"": true, ""gp"": false, ""wartezeit_monate"": 24, ""doppelte_unfall"": false, ""rueckholung"": true, ""kindermitvers"": true}",1964,10000,51.13
Hannoversche,Sterbegeld Plus,"{""lebenslang"": true, ""gp"": false, ""wartezeit_monate"": 36, ""doppelte_unfall"": false, ""rueckholung"": true, ""kindermitvers"": true}",1964,5000,25.71
Hannoversche,Sterbegeld Plus,"{""lebenslang"": true, ""gp"": false, ""wartezeit_monate"": 36, ""doppelte_unfall"": false, ""rueckholung"": true, ""kindermitvers"": true}",1964,8000,39.97
Hannoversche,Sterbegeld Plus,"{""lebenslang"": true, ""gp"": false, ""wartezeit_monate"": 36, ""doppelte_unfall"": false, ""rueckholung"": true, ""kindermitvers"": true}",1964,10000,49.48
Hannoversche,Sterbegeld Plus,"{""lebenslang"": true, ""gp"": false, ""wartezeit_monate"": 12, ""doppelte_unfall"": false, ""rueckholung"": true, ""kindermitvers"": true}",1963,5000,30.97
Hannoversche,Sterbegeld Plus,"{""lebenslang"": true, ""gp"": false, ""wartezeit_monate"": 12, ""doppelte_unfall"": false, ""rueckholung"": true, ""kindermitvers"": true}",1963,8000,48.38
Hannoversche,Sterbegeld Plus,"{""lebenslang"": true, ""gp"": false, ""wartezeit_monate"": 12, ""doppelte_unfall"": false, ""rueckholung"": true, ""kindermitvers"": true}",1963,10000,60
Hannoversche,Sterbegeld Plus,"{""lebenslang"": true, ""gp"": false, ""wartezeit_monate"": 24, ""doppelte_unfall"": false, ""rueckholung"": true, ""kindermitvers"": true}",1963,5000,27.59
Hannoversche,Sterbegeld Plus,"{""lebenslang"": true, ""gp"": false, ""wartezeit_monate"": 24, ""doppelte_unfall"": false, ""rueckholung"": true, ""kindermitvers"": true}",1963,8000,43
Hannoversche,Sterbegeld Plus,"{""lebenslang"": true, ""gp"": false, ""wartezeit_monate"": 24, ""doppelte_unfall"": false, ""rueckholung"": true, ""kindermitvers"": true}",1963,10000,53.27
Hannoversche,Sterbegeld Plus,"{""lebenslang"": true, ""gp"": false, ""wartezeit_monate"": 36, ""doppelte_unfall"": false, ""rueckholung"": true, ""kindermitvers"": true}",1963,5000,26.68
Hannoversche,Sterbegeld Plus,"{""lebenslang"": true, ""gp"": false, ""wartezeit_monate"": 36, ""doppelte_unfall"": false, ""rueckholung"": true, ""kindermitvers"": true}",1963,8000,41.53
Hannoversche,Sterbegeld Plus,"{""lebenslang"": true, ""gp"": false, ""wartezeit_monate"": 36, ""doppelte_unfall"": false, ""rueckholung"": true, ""kindermitvers"": true}",1963,10000,51.44
Hannoversche,Sterbegeld Plus,"{""lebenslang"": true, ""gp"": false, ""wartezeit_monate"": 12, ""doppelte_unfall"": false, ""rueckholung"": true, ""kindermitvers"": true}",1962,5000,32.48
Hannoversche,Sterbegeld Plus,"{""lebenslang"": true, ""gp"": false, ""wartezeit_monate"": 12, ""doppelte_unfall"": false, ""rueckholung"": true, ""kindermitvers"": true}",1962,8000,50.81
Hannoversche,Sterbegeld Plus,"{""lebenslang"": true, ""gp"": false, ""wartezeit_monate"": 12, ""doppelte_unfall"": false, ""rueckholung"": true, ""kindermitvers"": true}",1962,10000,63.04
Hannoversche,Sterbegeld Plus,"{""lebenslang"": true, ""gp"": false, ""wartezeit_monate"": 24, ""doppelte_unfall"": false, ""rueckholung"": true, ""kindermitvers"": true}",1962,5000,28.72
Hannoversche,Sterbegeld Plus,"{""lebenslang"": true, ""gp"": false, ""wartezeit_monate"": 24, ""doppelte_unfall"": false, ""rueckholung"": true, ""kindermitvers"": true}",1962,8000,44.8
Hannoversche,Sterbegeld Plus,"{""lebenslang"": true, ""gp"": false, ""wartezeit_monate"": 24, ""doppelte_unfall"": false, ""rueckholung"": true, ""kindermitvers"": true}",1962,10000,55.52
Hannoversche,Sterbegeld Plus,"{""lebenslang"": true, ""gp"": false, ""wartezeit_monate"": 36, ""doppelte_unfall"": false, ""rueckholung"": true, ""kindermitvers"": true}",1962,5000,27.71
Hannoversche,Sterbegeld Plus,"{""lebenslang"": true, ""gp"": false, ""wartezeit_monate"": 36, ""doppelte_unfall"": false, ""rueckholung"": true, ""kindermitvers"": true}",1962,8000,43.16
Hannoversche,Sterbegeld Plus,"{""lebenslang"": true, ""gp"": false, ""wartezeit_monate"": 36, ""doppelte_unfall"": false, ""rueckholung"": true, ""kindermitvers"": true}",1962,10000,53.48
Hannoversche,Sterbegeld Plus,"{""lebenslang"": true, ""gp"": false, ""wartezeit_monate"": 12, ""doppelte_unfall"": false, ""rueckholung"": true, ""kindermitvers"": true}",1961,5000,34.09
Hannoversche,Sterbegeld Plus,"{""lebenslang"": true, ""gp"": false, ""wartezeit_monate"": 12, ""doppelte_unfall"": false, ""rueckholung"": true, ""kindermitvers"": true}",1961,8000,53.39
Hannoversche,Sterbegeld Plus,"{""lebenslang"": true, ""gp"": false, ""wartezeit_monate"": 12, ""doppelte_unfall"": false, ""rueckholung"": true, ""kindermitvers"": true}",1961,10000,66.25
Hannoversche,Sterbegeld Plus,"{""lebenslang"": true, ""gp"": false, ""wartezeit_monate"": 24, ""doppelte_unfall"": false, ""rueckholung"": true, ""kindermitvers"": true}",1961,5000,29.9
Hannoversche,Sterbegeld Plus,"{""lebenslang"": true, ""gp"": false, ""wartezeit_monate"": 24, ""doppelte_unfall"": false, ""rueckholung"": true, ""kindermitvers"": true}",1961,8000,46.69
Hannoversche,Sterbegeld Plus,"{""lebenslang"": true, ""gp"": false, ""wartezeit_monate"": 24, ""doppelte_unfall"": false, ""rueckholung"": true, ""kindermitvers"": true}",1961,10000,57.89
Hannoversche,Sterbegeld Plus,"{""lebenslang"": true, ""gp"": false, ""wartezeit_monate"": 36, ""doppelte_unfall"": false, ""rueckholung"": true, ""kindermitvers"": true}",1961,5000,28.78
Hannoversche,Sterbegeld Plus,"{""lebenslang"": true, ""gp"": false, ""wartezeit_monate"": 36, ""doppelte_unfall"": false, ""rueckholung"": true, ""kindermitvers"": true}",1961,8000,44.89
Hannoversche,Sterbegeld Plus,"{""lebenslang"": true, ""gp"": false, ""wartezeit_monate"": 36, ""doppelte_unfall"": false, ""rueckholung"": true, ""kindermitvers"": true}",1961,10000,55.63
Hannoversche,Sterbegeld Plus,"{""lebenslang"": true, ""gp"": false, ""wartezeit_monate"": 12, ""doppelte_unfall"": false, ""rueckholung"": true, ""kindermitvers"": true}",1960,5000,35.8
Hannoversche,Sterbegeld Plus,"{""lebenslang"": true, ""gp"": false, ""wartezeit_monate"": 12, ""doppelte_unfall"": false, ""rueckholung"": true, ""kindermitvers"": true}",1960,8000,56.11
Hannoversche,Sterbegeld Plus,"{""lebenslang"": true, ""gp"": false, ""wartezeit_monate"": 12, ""doppelte_unfall"": false, ""rueckholung"": true, ""kindermitvers"": true}",1960,10000,69.66
Hannoversche,Sterbegeld Plus,"{""lebenslang"": true, ""gp"": false, ""wartezeit_monate"": 24, ""doppelte_unfall"": false, ""rueckholung"": true, ""kindermitvers"": true}",1960,5000,31.15
Hannoversche,Sterbegeld Plus,"{""lebenslang"": true, ""gp"": false, ""wartezeit_monate"": 24, ""doppelte_unfall"": false, ""rueckholung"": true, ""kindermitvers"": true}",1960,8000,48.69
Hannoversche,Sterbegeld Plus,"{""lebenslang"": true, ""gp"": false, ""wartezeit_monate"": 24, ""doppelte_unfall"": false, ""rueckholung"": true, ""kindermitvers"": true}",1960,10000,60.39
Hannoversche,Sterbegeld Plus,"{""lebenslang"": true, ""gp"": false, ""wartezeit_monate"": 36, ""doppelte_unfall"": false, ""rueckholung"": true, ""kindermitvers"": true}",1960,5000,29.91
Hannoversche,Sterbegeld Plus,"{""lebenslang"": true, ""gp"": false, ""wartezeit_monate"": 36, ""doppelte_unfall"": false, ""rueckholung"": true, ""kindermitvers"": true}",1960,8000,46.7
Hannoversche,Sterbegeld Plus,"{""lebenslang"": true, ""gp"": false, ""wartezeit_monate"": 36, ""doppelte_unfall"": false, ""rueckholung"": true, ""kindermitvers"": true}",1960,10000,57.9
Hannoversche,Sterbegeld Plus,"{""lebenslang"": true, ""gp"": false, ""wartezeit_monate"": 12, ""doppelte_unfall"": false, ""rueckholung"": true, ""kindermitvers"": true}",1959,5000,37.62
Hannoversche,Sterbegeld Plus,"{""lebenslang"": true, ""gp"": false, ""wartezeit_monate"": 12, ""doppelte_unfall"": false, ""rueckholung"": true, ""kindermitvers"": true}",1959,8000,59.03
Hannoversche,Sterbegeld Plus,"{""lebenslang"": true, ""gp"": false, ""wartezeit_monate"": 12, ""doppelte_unfall"": false, ""rueckholung"": true, ""kindermitvers"": true}",1959,10000,73.31
Hannoversche,Sterbegeld Plus,"{""lebenslang"": true, ""gp"": false, ""wartezeit_monate"": 24, ""doppelte_unfall"": false, ""rueckholung"": true, ""kindermitvers"": true}",1959,5000,32.49
Hannoversche,Sterbegeld Plus,"{""lebenslang"": true, ""gp"": false, ""wartezeit_monate"": 24, ""doppelte_unfall"": false, ""rueckholung"": true, ""kindermitvers"": true}",1959,8000,50.81
Hannoversche,Sterbegeld Plus,"{""lebenslang"": true, ""gp"": false, ""wartezeit_monate"": 24, ""doppelte_unfall"": false, ""rueckholung"": true, ""kindermitvers"": true}",1959,10000,63.04
Hannoversche,Sterbegeld Plus,"{""lebenslang"": true, ""gp"": false, ""wartezeit_monate"": 36, ""doppelte_unfall"": false, ""rueckholung"": true, ""kindermitvers"": true}",1959,5000,31.12
Hannoversche,Sterbegeld Plus,"{""lebenslang"": true, ""gp"": false, ""wartezeit_monate"": 36, ""doppelte_unfall"": false, ""rueckholung"": true, ""kindermitvers"": true}",1959,8000,48.61
Hannoversche,Sterbegeld Plus,"{""lebenslang"": true, ""gp"": false, ""wartezeit_monate"": 36, ""doppelte_unfall"": false, ""rueckholung"": true, ""kindermitvers"": true}",1959,10000,60.29
Hannoversche,Sterbegeld Plus,"{""lebenslang"": true, ""gp"": false, ""wartezeit_monate"": 12, ""doppelte_unfall"": false, ""rueckholung"": true, ""kindermitvers"": true}",1958,5000,39.58
Hannoversche,Sterbegeld Plus,"{""lebenslang"": true, ""gp"": false, ""wartezeit_monate"": 12, ""doppelte_unfall"": false, ""rueckholung"": true, ""kindermitvers"": true}",1958,8000,62.15
Hannoversche,Sterbegeld Plus,"{""lebenslang"": true, ""gp"": false, ""wartezeit_monate"": 12, ""doppelte_unfall"": false, ""rueckholung"": true, ""kindermitvers"": true}",1958,10000,77.21
Hannoversche,Sterbegeld Plus,"{""lebenslang"": true, ""gp"": false, ""wartezeit_monate"": 24, ""doppelte_unfall"": false, ""rueckholung"": true, ""kindermitvers"": true}",1958,5000,33.89
Hannoversche,Sterbegeld Plus,"{""lebenslang"": true, ""gp"": false, ""wartezeit_monate"": 24, ""doppelte_unfall"": false, ""rueckholung"": true, ""kindermitvers"": true}",1958,8000,53.07
Hannoversche,Sterbegeld Plus,"{""lebenslang"": true, ""gp"": false, ""wartezeit_monate"": 24, ""doppelte_unfall"": false, ""rueckholung"": true, ""kindermitvers"": true}",1958,10000,65.85
Hannoversche,Sterbegeld Plus,"{""lebenslang"": true, ""gp"": false, ""wartezeit_monate"": 36, ""doppelte_unfall"": false, ""rueckholung"": true, ""kindermitvers"": true}",1958,5000,32.39
Hannoversche,Sterbegeld Plus,"{""lebenslang"": true, ""gp"": false, ""wartezeit_monate"": 36, ""doppelte_unfall"": false, ""rueckholung"": true, ""kindermitvers"": true}",1958,8000,50.65
Hannoversche,Sterbegeld Plus,"{""lebenslang"": true, ""gp"": false, ""wartezeit_monate"": 36, ""doppelte_unfall"": false, ""rueckholung"": true, ""kindermitvers"": true}",1958,10000,62.83
Hannoversche,Sterbegeld Plus,"{""lebenslang"": true, ""gp"": false, ""wartezeit_monate"": 12, ""doppelte_unfall"": false, ""rueckholung"": true, ""kindermitvers"": true}",1957,5000,41.69
Hannoversche,Sterbegeld Plus,"{""lebenslang"": true, ""gp"": false, ""wartezeit_monate"": 12, ""doppelte_unfall"": false, ""rueckholung"": true, ""kindermitvers"": true}",1957,8000,65.53
Hannoversche,Sterbegeld Plus,"{""lebenslang"": true, ""gp"": false, ""wartezeit_monate"": 12, ""doppelte_unfall"": false, ""rueckholung"": true, ""kindermitvers"": true}",1957,10000,81.43
Hannoversche,Sterbegeld Plus,"{""lebenslang"": true, ""gp"": false, ""wartezeit_monate"": 24, ""doppelte_unfall"": false, ""rueckholung"": true, ""kindermitvers"": true}",1957,5000,35.41
Hannoversche,Sterbegeld Plus,"{""lebenslang"": true, ""gp"": false, ""wartezeit_monate"": 24, ""doppelte_unfall"": false, ""rueckholung"": true, ""kindermitvers"": true}",1957,8000,55.49
Hannoversche,Sterbegeld Plus,"{""lebenslang"": true, ""gp"": false, ""wartezeit_monate"": 24, ""doppelte_unfall"": false, ""rueckholung"": true, ""kindermitvers"": true}",1957,10000,68.88
Hannoversche,Sterbegeld Plus,"{""lebenslang"": true, ""gp"": false, ""wartezeit_monate"": 36, ""doppelte_unfall"": false, ""rueckholung"": true, ""kindermitvers"": true}",1957,5000,33.75
Hannoversche,Sterbegeld Plus,"{""lebenslang"": true, ""gp"": false, ""wartezeit_monate"": 36, ""doppelte_unfall"": false, ""rueckholung"": true, ""kindermitvers"": true}",1957,8000,52.82
Hannoversche,Sterbegeld Plus,"{""lebenslang"": true, ""gp"": false, ""wartezeit_monate"": 36, ""doppelte_unfall"": false, ""rueckholung"": true, ""kindermitvers"": true}",1957,10000,65.54
Hannoversche,Sterbegeld Plus,"{""lebenslang"": true, ""gp"": false, ""wartezeit_monate"": 12, ""doppelte_unfall"": false, ""rueckholung"": true, ""kindermitvers"": true}",1956,5000,43.97
Hannoversche,Sterbegeld Plus,"{""lebenslang"": true, ""gp"": false, ""wartezeit_monate"": 12, ""doppelte_unfall"": false, ""rueckholung"": true, ""kindermitvers"": true}",1956,8000,69.2
Hannoversche,Sterbegeld Plus,"{""lebenslang"": true, ""gp"": false, ""wartezeit_monate"": 12, ""doppelte_unfall"": false, ""rueckholung"": true, ""kindermitvers"": true}",1956,10000,86.01
Hannoversche,Sterbegeld Plus,"{""lebenslang"": true, ""gp"": false, ""wartezeit_monate"": 24, ""doppelte_unfall"": false, ""rueckholung"": true, ""kindermitvers"": true}",1956,5000,37.02
Hannoversche,Sterbegeld Plus,"{""lebenslang"": true, ""gp"": false, ""wartezeit_monate"": 24, ""doppelte_unfall"": false, ""rueckholung"": true, ""kindermitvers"": true}",1956,8000,58.06
Hannoversche,Sterbegeld Plus,"{""lebenslang"": true, ""gp"": false, ""wartezeit_monate"": 24, ""doppelte_unfall"": false, ""rueckholung"": true, ""kindermitvers"": true}",1956,10000,72.11
Hannoversche,Sterbegeld Plus,"{""lebenslang"": true, ""gp"": false, ""wartezeit_monate"": 36, ""doppelte_unfall"": false, ""rueckholung"": true, ""kindermitvers"": true}",1956,5000,35.19
Hannoversche,Sterbegeld Plus,"{""lebenslang"": true, ""gp"": false, ""wartezeit_monate"": 36, ""doppelte_unfall"": false, ""rueckholung"": true, ""kindermitvers"": true}",1956,8000,55.13
Hannoversche,Sterbegeld Plus,"{""lebenslang"": true, ""gp"": false, ""wartezeit_monate"": 36, ""doppelte_unfall"": false, ""rueckholung"": true, ""kindermitvers"": true}",1956,10000,68.43
Hannoversche,Sterbegeld Plus,"{""lebenslang"": true, ""gp"": false, ""wartezeit_monate"": 12, ""doppelte_unfall"": false, ""rueckholung"": true, ""kindermitvers"": true}",1955,5000,46.46
Hannoversche,Sterbegeld Plus,"{""lebenslang"": true, ""gp"": false, ""wartezeit_monate"": 12, ""doppelte_unfall"": false, ""rueckholung"": true, ""kindermitvers"": true}",1955,8000,73.16
Hannoversche,Sterbegeld Plus,"{""lebenslang"": true, ""gp"": false, ""wartezeit_monate"": 12, ""doppelte_unfall"": false, ""rueckholung"": true, ""kindermitvers"": true}",1955,10000,90.98
Hannoversche,Sterbegeld Plus,"{""lebenslang"": true, ""gp"": false, ""wartezeit_monate"": 24, ""doppelte_unfall"": false, ""rueckholung"": true, ""kindermitvers"": true}",1955,5000,38.75
Hannoversche,Sterbegeld Plus,"{""lebenslang"": true, ""gp"": false, ""wartezeit_monate"": 24, ""doppelte_unfall"": false, ""rueckholung"": true, ""kindermitvers"": true}",1955,8000,60.84
Hannoversche,Sterbegeld Plus,"{""lebenslang"": true, ""gp"": false, ""wartezeit_monate"": 24, ""doppelte_unfall"": false, ""rueckholung"": true, ""kindermitvers"": true}",1955,10000,75.56
Hannoversche,Sterbegeld Plus,"{""lebenslang"": true, ""gp"": false, ""wartezeit_monate"": 36, ""doppelte_unfall"": false, ""rueckholung"": true, ""kindermitvers"": true}",1955,5000,36.73
Hannoversche,Sterbegeld Plus,"{""lebenslang"": true, ""gp"": false, ""wartezeit_monate"": 36, ""doppelte_unfall"": false, ""rueckholung"": true, ""kindermitvers"": true}",1955,8000,57.59
Hannoversche,Sterbegeld Plus,"{""lebenslang"": true, ""gp"": false, ""wartezeit_monate"": 36, ""doppelte_unfall"": false, ""rueckholung"": true, ""kindermitvers"": true}",1955,10000,71.5
Hannoversche,Sterbegeld Plus,"{""lebenslang"": true, ""gp"": false, ""wartezeit_monate"": 12, ""doppelte_unfall"": false, ""rueckholung"": true, ""kindermitvers"": true}",1954,5000,49.17
Hannoversche,Sterbegeld Plus,"{""lebenslang"": true, ""gp"": false, ""wartezeit_monate"": 12, ""doppelte_unfall"": false, ""rueckholung"": true, ""kindermitvers"": true}",1954,8000,77.5
Hannoversche,Sterbegeld Plus,"{""lebenslang"": true, ""gp"": false, ""wartezeit_monate"": 12, ""doppelte_unfall"": false, ""rueckholung"": true, ""kindermitvers"": true}",1954,10000,69.38
Hannoversche,Sterbegeld Plus,"{""lebenslang"": true, ""gp"": false, ""wartezeit_monate"": 24, ""doppelte_unfall"": false, ""rueckholung"": true, ""kindermitvers"": true}",1954,5000,40.62
Hannoversche,Sterbegeld Plus,"{""lebenslang"": true, ""gp"": false, ""wartezeit_monate"": 24, ""doppelte_unfall"": false, ""rueckholung"": true, ""kindermitvers"": true}",1954,8000,63.82
Hannoversche,Sterbegeld Plus,"{""lebenslang"": true, ""gp"": false, ""wartezeit_monate"": 24, ""doppelte_unfall"": false, ""rueckholung"": true, ""kindermitvers"": true}",1954,10000,79.29
Hannoversche,Sterbegeld Plus,"{""lebenslang"": true, ""gp"": false, ""wartezeit_monate"": 36, ""doppelte_unfall"": false, ""rueckholung"": true, ""kindermitvers"": true}",1954,5000,38.39
Hannoversche,Sterbegeld Plus,"{""lebenslang"": true, ""gp"": false, ""wartezeit_monate"": 36, ""doppelte_unfall"": false, ""rueckholung"": true, ""kindermitvers"": true}",1954,8000,60.24
Hannoversche,Sterbegeld Plus,"{""lebenslang"": true, ""gp"": false, ""wartezeit_monate"": 36, ""doppelte_unfall"": false, ""rueckholung"": true, ""kindermitvers"": true}",1954,10000,74.81
Hannoversche,Sterbegeld Plus,"{""lebenslang"": true, ""gp"": false, ""wartezeit_monate"": 12, ""doppelte_unfall"": false, ""rueckholung"": true, ""kindermitvers"": true}",1953,5000,52.13
Hannoversche,Sterbegeld Plus,"{""lebenslang"": true, ""gp"": false, ""wartezeit_monate"": 12, ""doppelte_unfall"": false, ""rueckholung"": true, ""kindermitvers"": true}",1953,8000,82.22
Hannoversche,Sterbegeld Plus,"{""lebenslang"": true, ""gp"": false, ""wartezeit_monate"": 12, ""doppelte_unfall"": false, ""rueckholung"": true, ""kindermitvers"": true}",1953,10000,102.29
Hannoversche,Sterbegeld Plus,"{""lebenslang"": true, ""gp"": false, ""wartezeit_monate"": 24, ""doppelte_unfall"": false, ""rueckholung"": true, ""kindermitvers"": true}",1953,5000,42.63
Hannoversche,Sterbegeld Plus,"{""lebenslang"": true, ""gp"": false, ""wartezeit_monate"": 24, ""doppelte_unfall"": false, ""rueckholung"": true, ""kindermitvers"": true}",1953,8000,67.03
Hannoversche,Sterbegeld Plus,"{""lebenslang"": true, ""gp"": false, ""wartezeit_monate"": 24, ""doppelte_unfall"": false, ""rueckholung"": true, ""kindermitvers"": true}",1953,10000,83.3
Hannoversche,Sterbegeld Plus,"{""lebenslang"": true, ""gp"": false, ""wartezeit_monate"": 36, ""doppelte_unfall"": false, ""rueckholung"": true, ""kindermitvers"": true}",1953,5000,40.17
Hannoversche,Sterbegeld Plus,"{""lebenslang"": true, ""gp"": false, ""wartezeit_monate"": 36, ""doppelte_unfall"": false, ""rueckholung"": true, ""kindermitvers"": true}",1953,8000,63.07
Hannoversche,Sterbegeld Plus,"{""lebenslang"": true, ""gp"": false, ""wartezeit_monate"": 36, ""doppelte_unfall"": false, ""rueckholung"": true, ""kindermitvers"": true}",1953,10000,78.36
Hannoversche,Sterbegeld Plus,"{""lebenslang"": true, ""gp"": false, ""wartezeit_monate"": 12, ""doppelte_unfall"": false, ""rueckholung"": true, ""kindermitvers"": true}",1952,5000,55.37
Hannoversche,Sterbegeld Plus,"{""lebenslang"": true, ""gp"": false, ""wartezeit_monate"": 12, ""doppelte_unfall"": false, ""rueckholung"": true, ""kindermitvers"": true}",1952,8000,87.41
Hannoversche,Sterbegeld Plus,"{""lebenslang"": true, ""gp"": false, ""wartezeit_monate"": 12, ""doppelte_unfall"": false, ""rueckholung"": true, ""kindermitvers"": true}",1952,10000,108.78
Hannoversche,Sterbegeld Plus,"{""lebenslang"": true, ""gp"": false, ""wartezeit_monate"": 24, ""doppelte_unfall"": false, ""rueckholung"": true, ""kindermitvers"": true}",1952,5000,44.81
Hannoversche,Sterbegeld Plus,"{""lebenslang"": true, ""gp"": false, ""wartezeit_monate"": 24, ""doppelte_unfall"": false, ""rueckholung"": true, ""kindermitvers"": true}",1952,8000,70.51
Hannoversche,Sterbegeld Plus,"{""lebenslang"": true, ""gp"": false, ""wartezeit_monate"": 24, ""doppelte_unfall"": false, ""rueckholung"": true, ""kindermitvers"": true}",1952,10000,87.66
Hannoversche,Sterbegeld Plus,"{""lebenslang"": true, ""gp"": false, ""wartezeit_monate"": 36, ""doppelte_unfall"": false, ""rueckholung"": true, ""kindermitvers"": true}",1952,5000,42.09
Hannoversche,Sterbegeld Plus,"{""lebenslang"": true, ""gp"": false, ""wartezeit_monate"": 36, ""doppelte_unfall"": false, ""rueckholung"": true, ""kindermitvers"": true}",1952,8000,66.15
Hannoversche,Sterbegeld Plus,"{""lebenslang"": true, ""gp"": false, ""wartezeit_monate"": 36, ""doppelte_unfall"": false, ""rueckholung"": true, ""kindermitvers"": true}",1952,10000,82.18
Hannoversche,Sterbegeld Plus,"{""lebenslang"": true, ""gp"": false, ""wartezeit_monate"": 12, ""doppelte_unfall"": false, ""rueckholung"": true, ""kindermitvers"": true}",1951,5000,58.97
Hannoversche,Sterbegeld Plus,"{""lebenslang"": true, ""gp"": false, ""wartezeit_monate"": 12, ""doppelte_unfall"": false, ""rueckholung"": true, ""kindermitvers"": true}",1951,8000,93.16
Hannoversche,Sterbegeld Plus,"{""lebenslang"": true, ""gp"": false, ""wartezeit_monate"": 12, ""doppelte_unfall"": false, ""rueckholung"": true, ""kindermitvers"": true}",1951,10000,115.96
Hannoversche,Sterbegeld Plus,"{""lebenslang"": true, ""gp"": false, ""wartezeit_monate"": 24, ""doppelte_unfall"": false, ""rueckholung"": true, ""kindermitvers"": true}",1951,5000,47.19
Hannoversche,Sterbegeld Plus,"{""lebenslang"": true, ""gp"": false, ""wartezeit_monate"": 24, ""doppelte_unfall"": false, ""rueckholung"": true, ""kindermitvers"": true}",1951,8000,74.32
Hannoversche,Sterbegeld Plus,"{""lebenslang"": true, ""gp"": false, ""wartezeit_monate"": 24, ""doppelte_unfall"": false, ""rueckholung"": true, ""kindermitvers"": true}",1951,10000,92.42
Hannoversche,Sterbegeld Plus,"{""lebenslang"": true, ""gp"": false, ""wartezeit_monate"": 36, ""doppelte_unfall"": false, ""rueckholung"": true, ""kindermitvers"": true}",1951,5000,44.17
Hannoversche,Sterbegeld Plus,"{""lebenslang"": true, ""gp"": false, ""wartezeit_monate"": 36, ""doppelte_unfall"": false, ""rueckholung"": true, ""kindermitvers"": true}",1951,8000,69.47
Hannoversche,Sterbegeld Plus,"{""lebenslang"": true, ""gp"": false, ""wartezeit_monate"": 36, ""doppelte_unfall"": false, ""rueckholung"": true, ""kindermitvers"": true}",1951,10000,86.34
Hannoversche,Sterbegeld Plus,"{""lebenslang"": true, ""gp"": false, ""wartezeit_monate"": 12, ""doppelte_unfall"": false, ""rueckholung"": true, ""kindermitvers"": true}",1950,5000,62.95
Hannoversche,Sterbegeld Plus,"{""lebenslang"": true, ""gp"": false, ""wartezeit_monate"": 12, ""doppelte_unfall"": false, ""rueckholung"": true, ""kindermitvers"": true}",1950,8000,99.54
Hannoversche,Sterbegeld Plus,"{""lebenslang"": true, ""gp"": false, ""wartezeit_monate"": 12, ""doppelte_unfall"": false, ""rueckholung"": true, ""kindermitvers"": true}",1950,10000,123.93
Hannoversche,Sterbegeld Plus,"{""lebenslang"": true, ""gp"": false, ""wartezeit_monate"": 24, ""doppelte_unfall"": false, ""rueckholung"": true, ""kindermitvers"": true}",1950,5000,49.79
Hannoversche,Sterbegeld Plus,"{""lebenslang"": true, ""gp"": false, ""wartezeit_monate"": 24, ""doppelte_unfall"": false, ""rueckholung"": true, ""kindermitvers"": true}",1950,8000,78.47
Hannoversche,Sterbegeld Plus,"{""lebenslang"": true, ""gp"": false, ""wartezeit_monate"": 24, ""doppelte_unfall"": false, ""rueckholung"": true, ""kindermitvers"": true}",1950,10000,97.6
Hannoversche,Sterbegeld Plus,"{""lebenslang"": true, ""gp"": false, ""wartezeit_monate"": 36, ""doppelte_unfall"": false, ""rueckholung"": true, ""kindermitvers"": true}",1950,5000,46.43
Hannoversche,Sterbegeld Plus,"{""lebenslang"": true, ""gp"": false, ""wartezeit_monate"": 36, ""doppelte_unfall"": false, ""rueckholung"": true, ""kindermitvers"": true}",1950,8000,73.06
Hannoversche,Sterbegeld Plus,"{""lebenslang"": true, ""gp"": false, ""wartezeit_monate"": 36, ""doppelte_unfall"": false, ""rueckholung"": true, ""kindermitvers"": true}",1950,10000,90.83
Hannoversche,Sterbegeld Plus,"{""lebenslang"": true, ""gp"": false, ""wartezeit_monate"": 12, ""doppelte_unfall"": false, ""rueckholung"": true, ""kindermitvers"": true}",1949,5000,67.4
Hannoversche,Sterbegeld Plus,"{""lebenslang"": true, ""gp"": false, ""wartezeit_monate"": 12, ""doppelte_unfall"": false, ""rueckholung"": true, ""kindermitvers"": true}",1949,8000,106.65
Hannoversche,Sterbegeld Plus,"{""lebenslang"": true, ""gp"": false, ""wartezeit_monate"": 12, ""doppelte_unfall"": false, ""rueckholung"": true, ""kindermitvers"": true}",1949,10000,132.83
Hannoversche,Sterbegeld Plus,"{""lebenslang"": true, ""gp"": false, ""wartezeit_monate"": 24, ""doppelte_unfall"": false, ""rueckholung"": true, ""kindermitvers"": true}",1949,5000,52.63
Hannoversche,Sterbegeld Plus,"{""lebenslang"": true, ""gp"": false, ""wartezeit_monate"": 24, ""doppelte_unfall"": false, ""rueckholung"": true, ""kindermitvers"": true}",1949,8000,83
Hannoversche,Sterbegeld Plus,"{""lebenslang"": true, ""gp"": false, ""wartezeit_monate"": 24, ""doppelte_unfall"": false, ""rueckholung"": true, ""kindermitvers"": true}",1949,10000,103.27
Hannoversche,Sterbegeld Plus,"{""lebenslang"": true, ""gp"": false, ""wartezeit_monate"": 36, ""doppelte_unfall"": false, ""rueckholung"": true, ""kindermitvers"": true}",1949,5000,48.86
Hannoversche,Sterbegeld Plus,"{""lebenslang"": true, ""gp"": false, ""wartezeit_monate"": 36, ""doppelte_unfall"": false, ""rueckholung"": true, ""kindermitvers"": true}",1949,8000,76.95
Hannoversche,Sterbegeld Plus,"{""lebenslang"": true, ""gp"": false, ""wartezeit_monate"": 36, ""doppelte_unfall"": false, ""rueckholung"": true, ""kindermitvers"": true}",1949,10000,95.68
Hannoversche,Sterbegeld Plus,"{""lebenslang"": true, ""gp"": false, ""wartezeit_monate"": 12, ""doppelte_unfall"": false, ""rueckholung"": true, ""kindermitvers"": true}",1948,5000,72.36
Hannoversche,Sterbegeld Plus,"{""lebenslang"": true, ""gp"": false, ""wartezeit_monate"": 12, ""doppelte_unfall"": false, ""rueckholung"": true, ""kindermitvers"": true}",1948,8000,114.57
Hannoversche,Sterbegeld Plus,"{""lebenslang"": true, ""gp"": false, ""wartezeit_monate"": 12, ""doppelte_unfall"": false, ""rueckholung"": true, ""kindermitvers"": true}",1948,10000,142.71
Hannoversche,Sterbegeld Plus,"{""lebenslang"": true, ""gp"": false, ""wartezeit_monate"": 24, ""doppelte_unfall"": false, ""rueckholung"": true, ""kindermitvers"": true}",1948,5000,55.72
Hannoversche,Sterbegeld Plus,"{""lebenslang"": true, ""gp"": false, ""wartezeit_monate"": 24, ""doppelte_unfall"": false, ""rueckholung"": true, ""kindermitvers"": true}",1948,8000,87.94
Hannoversche,Sterbegeld Plus,"{""lebenslang"": true, ""gp"": false, ""wartezeit_monate"": 24, ""doppelte_unfall"": false, ""rueckholung"": true, ""kindermitvers"": true}",1948,10000,109.43
Hannoversche,Sterbegeld Plus,"{""lebenslang"": true, ""gp"": false, ""wartezeit_monate"": 36, ""doppelte_unfall"": false, ""rueckholung"": true, ""kindermitvers"": true}",1948,5000,51.49
Hannoversche,Sterbegeld Plus,"{""lebenslang"": true, ""gp"": false, ""wartezeit_monate"": 36, ""doppelte_unfall"": false, ""rueckholung"": true, ""kindermitvers"": true}",1948,8000,81.15
Hannoversche,Sterbegeld Plus,"{""lebenslang"": true, ""gp"": false, ""wartezeit_monate"": 36, ""doppelte_unfall"": false, ""rueckholung"": true, ""kindermitvers"": true}",1948,10000,100.93
Hannoversche,Sterbegeld Plus,"{""lebenslang"": true, ""gp"": false, ""wartezeit_monate"": 12, ""doppelte_unfall"": false, ""rueckholung"": true, ""kindermitvers"": true}",1947,5000,77.86
Hannoversche,Sterbegeld Plus,"{""lebenslang"": true, ""gp"": false, ""wartezeit_monate"": 12, ""doppelte_unfall"": false, ""rueckholung"": true, ""kindermitvers"": true}",1947,8000,123.36
Hannoversche,Sterbegeld Plus,"{""lebenslang"": true, ""gp"": false, ""wartezeit_monate"": 12, ""doppelte_unfall"": false, ""rueckholung"": true, ""kindermitvers"": true}",1947,10000,153.71
Hannoversche,Sterbegeld Plus,"{""lebenslang"": true, ""gp"": false, ""wartezeit_monate"": 24, ""doppelte_unfall"": false, ""rueckholung"": true, ""kindermitvers"": true}",1947,5000,59.09
Hannoversche,Sterbegeld Plus,"{""lebenslang"": true, ""gp"": false, ""wartezeit_monate"": 24, ""doppelte_unfall"": false, ""rueckholung"": true, ""kindermitvers"": true}",1947,8000,93.33
Hannoversche,Sterbegeld Plus,"{""lebenslang"": true, ""gp"": false, ""wartezeit_monate"": 24, ""doppelte_unfall"": false, ""rueckholung"": true, ""kindermitvers"": true}",1947,10000,116.17
Hannoversche,Sterbegeld Plus,"{""lebenslang"": true, ""gp"": false, ""wartezeit_monate"": 36, ""doppelte_unfall"": false, ""rueckholung"": true, ""kindermitvers"": true}",1947,5000,54.35
Hannoversche,Sterbegeld Plus,"{""lebenslang"": true, ""gp"": false, ""wartezeit_monate"": 36, ""doppelte_unfall"": false, ""rueckholung"": true, ""kindermitvers"": true}",1947,8000,85.7
Hannoversche,Sterbegeld Plus,"{""lebenslang"": true, ""gp"": false, ""wartezeit_monate"": 36, ""doppelte_unfall"": false, ""rueckholung"": true, ""kindermitvers"": true}",1947,10000,106.62
Hannoversche,Sterbegeld Plus,"{""lebenslang"": true, ""gp"": false, ""wartezeit_monate"": 12, ""doppelte_unfall"": false, ""rueckholung"": true, ""kindermitvers"": true}",1946,5000,83.95
Hannoversche,Sterbegeld Plus,"{""lebenslang"": true, ""gp"": false, ""wartezeit_monate"": 12, ""doppelte_unfall"": false, ""rueckholung"": true, ""kindermitvers"": true}",1946,8000,133.11
Hannoversche,Sterbegeld Plus,"{""lebenslang"": true, ""gp"": false, ""wartezeit_monate"": 12, ""doppelte_unfall"": false, ""rueckholung"": true, ""kindermitvers"": true}",1946,10000,165.89
Hannoversche,Sterbegeld Plus,"{""lebenslang"": true, ""gp"": false, ""wartezeit_monate"": 24, ""doppelte_unfall"": false, ""rueckholung"": true, ""kindermitvers"": true}",1946,5000,62.79
Hannoversche,Sterbegeld Plus,"{""lebenslang"": true, ""gp"": false, ""wartezeit_monate"": 24, ""doppelte_unfall"": false, ""rueckholung"": true, ""kindermitvers"": true}",1946,8000,99.24
Hannoversche,Sterbegeld Plus,"{""lebenslang"": true, ""gp"": false, ""wartezeit_monate"": 24, ""doppelte_unfall"": false, ""rueckholung"": true, ""kindermitvers"": true}",1946,10000,123.56
Hannoversche,Sterbegeld Plus,"{""lebenslang"": true, ""gp"": false, ""wartezeit_monate"": 36, ""doppelte_unfall"": false, ""rueckholung"": true, ""kindermitvers"": true}",1946,5000,57.47
Hannoversche,Sterbegeld Plus,"{""lebenslang"": true, ""gp"": false, ""wartezeit_monate"": 36, ""doppelte_unfall"": false, ""rueckholung"": true, ""kindermitvers"": true}",1946,8000,90.67
Hannoversche,Sterbegeld Plus,"{""lebenslang"": true, ""gp"": false, ""wartezeit_monate"": 36, ""doppelte_unfall"": false, ""rueckholung"": true, ""kindermitvers"": true}",1946,10000,112.82
